pokemon_stat_champions_key,pokemon_key,pokemon_id,hp,attack,defense,sp_attack,sp_defense,speed,stat_total,is_legal,source_name,source_url,source_record_id,extracted_at_utc,dataset_version
clefable-champions,clefable,36,95,70,73,95,90,60,483,true,OP.GG Pokémon Champions,https://op.gg/pokemon-champions/pokedex/clefable,clefable,2026-07-18 17:06:37.536825+00,0.0.0-dev
ninetales-champions,ninetales,38,73,76,75,81,100,100,505,true,OP.GG Pokémon Champions,https://op.gg/pokemon-champions/pokedex/ninetales,ninetales,2026-07-18 17:06:37.536825+00,0.0.0-dev
machamp-champions,machamp,68,90,130,80,65,85,55,505,true,OP.GG Pokémon Champions,https://op.gg/pokemon-champions/pokedex/machamp,machamp,2026-07-18 17:06:37.536825+00,0.0.0-dev
gengar-champions,gengar,94,60,65,60,130,75,110,500,true,OP.GG Pokémon Champions,https://op.gg/pokemon-champions/pokedex/gengar,gengar,2026-07-18 17:06:37.536825+00,0.0.0-dev
kangaskhan-champions,kangaskhan,115,105,95,80,40,80,90,490,true,OP.GG Pokémon Champions,https://op.gg/pokemon-champions/pokedex/kangaskhan,kangaskhan,2026-07-18 17:06:37.536825+00,0.0.0-dev
starmie-champions,starmie,121,60,75,85,100,85,115,520,true,OP.GG Pokémon Champions,https://op.gg/pokemon-champions/pokedex/starmie,starmie,2026-07-18 17:06:37.536825+00,0.0.0-dev
pinsir-champions,pinsir,127,65,125,100,55,70,85,500,true,OP.GG Pokémon Champions,https://op.gg/pokemon-champions/pokedex/pinsir,pinsir,2026-07-18 17:06:37.536825+00,0.0.0-dev
snorlax-champions,snorlax,143,160,110,65,65,110,30,540,true,OP.GG Pokémon Champions,https://op.gg/pokemon-champions/pokedex/snorlax,snorlax,2026-07-18 17:06:37.536825+00,0.0.0-dev
meganium-champions,meganium,154,80,82,100,83,100,80,525,true,OP.GG Pokémon Champions,https://op.gg/pokemon-champions/pokedex/meganium,meganium,2026-07-18 17:06:37.536825+00,0.0.0-dev
skarmory-champions,skarmory,227,65,80,140,40,70,70,465,true,OP.GG Pokémon Champions,https://op.gg/pokemon-champions/pokedex/skarmory,skarmory,2026-07-18 17:06:37.536825+00,0.0.0-dev
houndoom-champions,houndoom,229,75,90,50,110,80,95,500,true,OP.GG Pokémon Champions,https://op.gg/pokemon-champions/pokedex/houndoom,houndoom,2026-07-18 17:06:37.536825+00,0.0.0-dev
mawile-champions,mawile,303,50,85,85,55,55,50,380,true,OP.GG Pokémon Champions,https://op.gg/pokemon-champions/pokedex/mawile,mawile,2026-07-18 17:06:37.536825+00,0.0.0-dev
aggron-champions,aggron,306,70,110,180,60,60,50,530,true,OP.GG Pokémon Champions,https://op.gg/pokemon-champions/pokedex/aggron,aggron,2026-07-18 17:06:37.536825+00,0.0.0-dev
camerupt-champions,camerupt,323,70,100,70,105,75,40,460,true,OP.GG Pokémon Champions,https://op.gg/pokemon-champions/pokedex/camerupt,camerupt,2026-07-18 17:06:37.536825+00,0.0.0-dev
milotic-champions,milotic,350,95,60,79,100,125,81,540,true,OP.GG Pokémon Champions,https://op.gg/pokemon-champions/pokedex/milotic,milotic,2026-07-18 17:06:37.536825+00,0.0.0-dev
banette-champions,banette,354,64,115,65,83,63,65,455,true,OP.GG Pokémon Champions,https://op.gg/pokemon-champions/pokedex/banette,banette,2026-07-18 17:06:37.536825+00,0.0.0-dev
glalie-champions,glalie,362,80,80,80,80,80,80,480,true,OP.GG Pokémon Champions,https://op.gg/pokemon-champions/pokedex/glalie,glalie,2026-07-18 17:06:37.536825+00,0.0.0-dev
lopunny-champions,lopunny,428,65,76,84,54,96,105,480,true,OP.GG Pokémon Champions,https://op.gg/pokemon-champions/pokedex/lopunny,lopunny,2026-07-18 17:06:37.536825+00,0.0.0-dev
garchomp-champions,garchomp,445,108,130,95,80,85,102,600,true,OP.GG Pokémon Champions,https://op.gg/pokemon-champions/pokedex/garchomp,garchomp,2026-07-18 17:06:37.536825+00,0.0.0-dev
hippowdon-champions,hippowdon,450,108,112,118,68,72,47,525,true,OP.GG Pokémon Champions,https://op.gg/pokemon-champions/pokedex/hippowdon,hippowdon,2026-07-18 17:06:37.536825+00,0.0.0-dev
mamoswine-champions,mamoswine,473,110,130,80,70,60,80,530,true,OP.GG Pokémon Champions,https://op.gg/pokemon-champions/pokedex/mamoswine,mamoswine,2026-07-18 17:06:37.536825+00,0.0.0-dev
emboar-champions,emboar,500,110,123,65,100,65,65,528,true,OP.GG Pokémon Champions,https://op.gg/pokemon-champions/pokedex/emboar,emboar,2026-07-18 17:06:37.536825+00,0.0.0-dev
liepard-champions,liepard,510,64,88,50,88,50,106,446,true,OP.GG Pokémon Champions,https://op.gg/pokemon-champions/pokedex/liepard,liepard,2026-07-18 17:06:37.536825+00,0.0.0-dev
simisage-champions,simisage,512,75,98,63,98,63,101,498,true,OP.GG Pokémon Champions,https://op.gg/pokemon-champions/pokedex/simisage,simisage,2026-07-18 17:06:37.536825+00,0.0.0-dev
audino-champions,audino,531,103,60,86,60,86,50,445,true,OP.GG Pokémon Champions,https://op.gg/pokemon-champions/pokedex/audino,audino,2026-07-18 17:06:37.536825+00,0.0.0-dev
whimsicott-champions,whimsicott,547,60,67,85,77,75,116,480,true,OP.GG Pokémon Champions,https://op.gg/pokemon-champions/pokedex/whimsicott,whimsicott,2026-07-18 17:06:37.536825+00,0.0.0-dev
krookodile-champions,krookodile,553,95,117,80,65,70,92,519,true,OP.GG Pokémon Champions,https://op.gg/pokemon-champions/pokedex/krookodile,krookodile,2026-07-18 17:06:37.536825+00,0.0.0-dev
chandelure-champions,chandelure,609,60,55,90,145,90,80,520,true,OP.GG Pokémon Champions,https://op.gg/pokemon-champions/pokedex/chandelure,chandelure,2026-07-18 17:06:37.536825+00,0.0.0-dev
beartic-champions,beartic,614,95,130,80,70,80,50,505,true,OP.GG Pokémon Champions,https://op.gg/pokemon-champions/pokedex/beartic,beartic,2026-07-18 17:06:37.536825+00,0.0.0-dev
stunfisk-champions,stunfisk,618,109,66,84,81,99,32,471,true,OP.GG Pokémon Champions,https://op.gg/pokemon-champions/pokedex/stunfisk,stunfisk,2026-07-18 17:06:37.536825+00,0.0.0-dev
delphox-champions,delphox,655,75,69,72,114,100,104,534,true,OP.GG Pokémon Champions,https://op.gg/pokemon-champions/pokedex/delphox,delphox,2026-07-18 17:06:37.536825+00,0.0.0-dev
greninja-champions,greninja,658,72,95,67,103,71,122,530,true,OP.GG Pokémon Champions,https://op.gg/pokemon-champions/pokedex/greninja,greninja,2026-07-18 17:06:37.536825+00,0.0.0-dev
pangoro-champions,pangoro,675,95,124,78,69,71,58,495,true,OP.GG Pokémon Champions,https://op.gg/pokemon-champions/pokedex/pangoro,pangoro,2026-07-18 17:06:37.536825+00,0.0.0-dev
aegislash-shield-champions,aegislash-shield,681,60,50,140,50,140,60,500,true,OP.GG Pokémon Champions,https://op.gg/pokemon-champions/pokedex/aegislash,aegislash,2026-07-18 17:06:37.536825+00,0.0.0-dev
barbaracle-champions,barbaracle,689,72,105,115,54,86,68,500,true,OP.GG Pokémon Champions,https://op.gg/pokemon-champions/pokedex/barbaracle,barbaracle,2026-07-18 17:06:37.536825+00,0.0.0-dev
aurorus-champions,aurorus,699,123,77,72,99,92,58,521,true,OP.GG Pokémon Champions,https://op.gg/pokemon-champions/pokedex/aurorus,aurorus,2026-07-18 17:06:37.536825+00,0.0.0-dev
gourgeist-average-champions,gourgeist-average,711,65,90,122,58,75,84,494,true,OP.GG Pokémon Champions,https://op.gg/pokemon-champions/pokedex/gourgeist-average,gourgeist-average,2026-07-18 17:06:37.536825+00,0.0.0-dev
lycanroc-midday-champions,lycanroc-midday,745,75,115,65,55,65,112,487,true,OP.GG Pokémon Champions,https://op.gg/pokemon-champions/pokedex/lycanroc,lycanroc,2026-07-18 17:06:37.536825+00,0.0.0-dev
toxapex-champions,toxapex,748,50,63,152,53,142,35,495,true,OP.GG Pokémon Champions,https://op.gg/pokemon-champions/pokedex/toxapex,toxapex,2026-07-18 17:06:37.536825+00,0.0.0-dev
tsareena-champions,tsareena,763,72,120,98,50,98,72,510,true,OP.GG Pokémon Champions,https://op.gg/pokemon-champions/pokedex/tsareena,tsareena,2026-07-18 17:06:37.536825+00,0.0.0-dev
oranguru-champions,oranguru,765,90,60,80,90,110,60,490,true,OP.GG Pokémon Champions,https://op.gg/pokemon-champions/pokedex/oranguru,oranguru,2026-07-18 17:06:37.536825+00,0.0.0-dev
corviknight-champions,corviknight,823,98,87,105,53,85,67,495,true,OP.GG Pokémon Champions,https://op.gg/pokemon-champions/pokedex/corviknight,corviknight,2026-07-18 17:06:37.536825+00,0.0.0-dev
flapple-champions,flapple,841,70,110,80,95,60,70,485,true,OP.GG Pokémon Champions,https://op.gg/pokemon-champions/pokedex/flapple,flapple,2026-07-18 17:06:37.536825+00,0.0.0-dev
sandaconda-champions,sandaconda,844,72,107,125,65,70,71,510,true,OP.GG Pokémon Champions,https://op.gg/pokemon-champions/pokedex/sandaconda,sandaconda,2026-07-18 17:06:37.536825+00,0.0.0-dev
wyrdeer-champions,wyrdeer,899,103,105,72,105,75,65,525,true,OP.GG Pokémon Champions,https://op.gg/pokemon-champions/pokedex/wyrdeer,wyrdeer,2026-07-18 17:06:37.536825+00,0.0.0-dev
sneasler-champions,sneasler,903,80,130,60,40,80,120,510,true,OP.GG Pokémon Champions,https://op.gg/pokemon-champions/pokedex/sneasler,sneasler,2026-07-18 17:06:37.536825+00,0.0.0-dev
skeledirge-champions,skeledirge,911,104,75,100,110,75,66,530,true,OP.GG Pokémon Champions,https://op.gg/pokemon-champions/pokedex/skeledirge,skeledirge,2026-07-18 17:06:37.536825+00,0.0.0-dev
garganacl-champions,garganacl,934,100,100,130,45,90,35,500,true,OP.GG Pokémon Champions,https://op.gg/pokemon-champions/pokedex/garganacl,garganacl,2026-07-18 17:06:37.536825+00,0.0.0-dev
scovillain-champions,scovillain,952,65,108,65,108,65,75,486,true,OP.GG Pokémon Champions,https://op.gg/pokemon-champions/pokedex/scovillain,scovillain,2026-07-18 17:06:37.536825+00,0.0.0-dev
kingambit-champions,kingambit,983,100,135,120,60,85,50,550,true,OP.GG Pokémon Champions,https://op.gg/pokemon-champions/pokedex/kingambit,kingambit,2026-07-18 17:06:37.536825+00,0.0.0-dev
gholdengo-champions,gholdengo,1000,87,60,95,133,91,84,550,true,OP.GG Pokémon Champions,https://op.gg/pokemon-champions/pokedex/gholdengo,gholdengo,2026-07-18 17:06:37.536825+00,0.0.0-dev
rotom-heat-champions,rotom-heat,479,50,65,107,105,107,86,520,true,OP.GG Pokémon Champions,https://op.gg/pokemon-champions/pokedex/rotom-heat,rotom-heat,2026-07-18 17:06:37.536825+00,0.0.0-dev
rotom-frost-champions,rotom-frost,479,50,65,107,105,107,86,520,true,OP.GG Pokémon Champions,https://op.gg/pokemon-champions/pokedex/rotom-frost,rotom-frost,2026-07-18 17:06:37.536825+00,0.0.0-dev
aegislash-blade-champions,aegislash-blade,681,60,140,50,140,50,60,500,true,OP.GG Pokémon Champions,https://op.gg/pokemon-champions/pokedex/aegislash-blade,aegislash-blade,2026-07-18 17:06:37.536825+00,0.0.0-dev
blastoise-mega-champions,blastoise-mega,9,79,103,120,135,115,78,630,true,OP.GG Pokémon Champions,https://op.gg/pokemon-champions/pokedex/mega-blastoise,mega-blastoise,2026-07-18 17:06:37.536825+00,0.0.0-dev
kangaskhan-mega-champions,kangaskhan-mega,115,105,125,100,60,100,100,590,true,OP.GG Pokémon Champions,https://op.gg/pokemon-champions/pokedex/mega-kangaskhan,mega-kangaskhan,2026-07-18 17:06:37.536825+00,0.0.0-dev
pinsir-mega-champions,pinsir-mega,127,65,155,120,65,90,105,600,true,OP.GG Pokémon Champions,https://op.gg/pokemon-champions/pokedex/mega-pinsir,mega-pinsir,2026-07-18 17:06:37.536825+00,0.0.0-dev
heracross-mega-champions,heracross-mega,214,80,185,115,40,105,75,600,true,OP.GG Pokémon Champions,https://op.gg/pokemon-champions/pokedex/mega-heracross,mega-heracross,2026-07-18 17:06:37.536825+00,0.0.0-dev
houndoom-mega-champions,houndoom-mega,229,75,90,90,140,90,115,600,true,OP.GG Pokémon Champions,https://op.gg/pokemon-champions/pokedex/mega-houndoom,mega-houndoom,2026-07-18 17:06:37.536825+00,0.0.0-dev
tyranitar-mega-champions,tyranitar-mega,248,100,164,150,95,120,71,700,true,OP.GG Pokémon Champions,https://op.gg/pokemon-champions/pokedex/mega-tyranitar,mega-tyranitar,2026-07-18 17:06:37.536825+00,0.0.0-dev
blaziken-mega-champions,blaziken-mega,257,80,160,80,130,80,100,630,true,OP.GG Pokémon Champions,https://op.gg/pokemon-champions/pokedex/mega-blaziken,mega-blaziken,2026-07-18 17:06:37.536825+00,0.0.0-dev
banette-mega-champions,banette-mega,354,64,165,75,93,83,75,555,true,OP.GG Pokémon Champions,https://op.gg/pokemon-champions/pokedex/mega-banette,mega-banette,2026-07-18 17:06:37.536825+00,0.0.0-dev
sceptile-mega-champions,sceptile-mega,254,70,110,75,145,85,145,630,true,OP.GG Pokémon Champions,https://op.gg/pokemon-champions/pokedex/mega-sceptile,mega-sceptile,2026-07-18 17:06:37.536825+00,0.0.0-dev
gallade-mega-champions,gallade-mega,475,68,165,95,65,115,110,618,true,OP.GG Pokémon Champions,https://op.gg/pokemon-champions/pokedex/mega-gallade,mega-gallade,2026-07-18 17:06:37.536825+00,0.0.0-dev
steelix-mega-champions,steelix-mega,208,75,125,230,55,95,30,610,true,OP.GG Pokémon Champions,https://op.gg/pokemon-champions/pokedex/mega-steelix,mega-steelix,2026-07-18 17:06:37.536825+00,0.0.0-dev
pidgeot-mega-champions,pidgeot-mega,18,83,80,80,135,80,121,579,true,OP.GG Pokémon Champions,https://op.gg/pokemon-champions/pokedex/mega-pidgeot,mega-pidgeot,2026-07-18 17:06:37.536825+00,0.0.0-dev
camerupt-mega-champions,camerupt-mega,323,70,120,100,145,105,20,560,true,OP.GG Pokémon Champions,https://op.gg/pokemon-champions/pokedex/mega-camerupt,mega-camerupt,2026-07-18 17:06:37.536825+00,0.0.0-dev
raichu-alola-champions,raichu-alola,26,60,85,50,95,85,110,485,true,OP.GG Pokémon Champions,https://op.gg/pokemon-champions/pokedex/raichu-alolan,raichu-alolan,2026-07-18 17:06:37.536825+00,0.0.0-dev
stunfisk-galar-champions,stunfisk-galar,618,109,81,99,66,84,32,471,true,OP.GG Pokémon Champions,https://op.gg/pokemon-champions/pokedex/stunfisk-galarian,stunfisk-galarian,2026-07-18 17:06:37.536825+00,0.0.0-dev
avalugg-hisui-champions,avalugg-hisui,713,95,127,184,34,36,38,514,true,OP.GG Pokémon Champions,https://op.gg/pokemon-champions/pokedex/avalugg-hisui,avalugg-hisui,2026-07-18 17:06:37.536825+00,0.0.0-dev
victreebel-mega-champions,victreebel-mega,71,80,125,85,135,95,70,590,true,OP.GG Pokémon Champions,https://op.gg/pokemon-champions/pokedex/mega-victreebel,mega-victreebel,2026-07-18 17:06:37.536825+00,0.0.0-dev
chandelure-mega-champions,chandelure-mega,609,60,75,110,175,110,90,620,true,OP.GG Pokémon Champions,https://op.gg/pokemon-champions/pokedex/mega-chandelure,mega-chandelure,2026-07-18 17:06:37.536825+00,0.0.0-dev
hawlucha-mega-champions,hawlucha-mega,701,78,137,100,74,93,118,600,true,OP.GG Pokémon Champions,https://op.gg/pokemon-champions/pokedex/mega-hawlucha,mega-hawlucha,2026-07-18 17:06:37.536825+00,0.0.0-dev
falinks-mega-champions,falinks-mega,870,65,135,135,70,65,100,570,true,OP.GG Pokémon Champions,https://op.gg/pokemon-champions/pokedex/mega-falinks,mega-falinks,2026-07-18 17:06:37.536825+00,0.0.0-dev
chimecho-mega-champions,chimecho-mega,358,75,50,110,135,120,65,555,true,OP.GG Pokémon Champions,https://op.gg/pokemon-champions/pokedex/mega-chimecho,mega-chimecho,2026-07-18 17:06:37.536825+00,0.0.0-dev
scovillain-mega-champions,scovillain-mega,952,65,138,85,138,85,75,586,true,OP.GG Pokémon Champions,https://op.gg/pokemon-champions/pokedex/mega-scovillain,mega-scovillain,2026-07-18 17:06:37.536825+00,0.0.0-dev
charizard-champions,charizard,6,78,84,78,109,85,100,534,true,OP.GG Pokémon Champions,https://op.gg/pokemon-champions/pokedex/charizard,charizard,2026-07-18 17:06:37.536825+00,0.0.0-dev
beedrill-champions,beedrill,15,65,90,40,45,80,75,395,true,OP.GG Pokémon Champions,https://op.gg/pokemon-champions/pokedex/beedrill,beedrill,2026-07-18 17:06:37.536825+00,0.0.0-dev
pidgeot-champions,pidgeot,18,83,80,75,70,70,101,479,true,OP.GG Pokémon Champions,https://op.gg/pokemon-champions/pokedex/pidgeot,pidgeot,2026-07-18 17:06:37.536825+00,0.0.0-dev
arbok-champions,arbok,24,60,95,69,65,79,80,448,true,OP.GG Pokémon Champions,https://op.gg/pokemon-champions/pokedex/arbok,arbok,2026-07-18 17:06:37.536825+00,0.0.0-dev
arcanine-champions,arcanine,59,90,110,80,100,80,95,555,true,OP.GG Pokémon Champions,https://op.gg/pokemon-champions/pokedex/arcanine,arcanine,2026-07-18 17:06:37.536825+00,0.0.0-dev
victreebel-champions,victreebel,71,80,105,65,100,70,70,490,true,OP.GG Pokémon Champions,https://op.gg/pokemon-champions/pokedex/victreebel,victreebel,2026-07-18 17:06:37.536825+00,0.0.0-dev
vaporeon-champions,vaporeon,134,130,65,60,110,95,65,525,true,OP.GG Pokémon Champions,https://op.gg/pokemon-champions/pokedex/vaporeon,vaporeon,2026-07-18 17:06:37.536825+00,0.0.0-dev
jolteon-champions,jolteon,135,65,65,60,110,95,130,525,true,OP.GG Pokémon Champions,https://op.gg/pokemon-champions/pokedex/jolteon,jolteon,2026-07-18 17:06:37.536825+00,0.0.0-dev
flareon-champions,flareon,136,65,130,60,95,110,65,525,true,OP.GG Pokémon Champions,https://op.gg/pokemon-champions/pokedex/flareon,flareon,2026-07-18 17:06:37.536825+00,0.0.0-dev
feraligatr-champions,feraligatr,160,85,105,100,79,83,78,530,true,OP.GG Pokémon Champions,https://op.gg/pokemon-champions/pokedex/feraligatr,feraligatr,2026-07-18 17:06:37.536825+00,0.0.0-dev
azumarill-champions,azumarill,184,100,50,80,60,80,50,420,true,OP.GG Pokémon Champions,https://op.gg/pokemon-champions/pokedex/azumarill,azumarill,2026-07-18 17:06:37.536825+00,0.0.0-dev
politoed-champions,politoed,186,90,75,75,90,100,70,500,true,OP.GG Pokémon Champions,https://op.gg/pokemon-champions/pokedex/politoed,politoed,2026-07-18 17:06:37.536825+00,0.0.0-dev
forretress-champions,forretress,205,75,90,140,60,60,40,465,true,OP.GG Pokémon Champions,https://op.gg/pokemon-champions/pokedex/forretress,forretress,2026-07-18 17:06:37.536825+00,0.0.0-dev
qwilfish-champions,qwilfish,211,65,95,85,55,55,85,440,true,OP.GG Pokémon Champions,https://op.gg/pokemon-champions/pokedex/qwilfish,qwilfish,2026-07-18 17:06:37.536825+00,0.0.0-dev
blaziken-champions,blaziken,257,80,120,70,110,70,80,530,true,OP.GG Pokémon Champions,https://op.gg/pokemon-champions/pokedex/blaziken,blaziken,2026-07-18 17:06:37.536825+00,0.0.0-dev
swampert-champions,swampert,260,100,110,90,85,90,60,535,true,OP.GG Pokémon Champions,https://op.gg/pokemon-champions/pokedex/swampert,swampert,2026-07-18 17:06:37.536825+00,0.0.0-dev
manectric-champions,manectric,310,70,75,60,105,60,105,475,true,OP.GG Pokémon Champions,https://op.gg/pokemon-champions/pokedex/manectric,manectric,2026-07-18 17:06:37.536825+00,0.0.0-dev
sharpedo-champions,sharpedo,319,70,120,40,95,40,95,460,true,OP.GG Pokémon Champions,https://op.gg/pokemon-champions/pokedex/sharpedo,sharpedo,2026-07-18 17:06:37.536825+00,0.0.0-dev
infernape-champions,infernape,392,76,104,71,104,71,108,534,true,OP.GG Pokémon Champions,https://op.gg/pokemon-champions/pokedex/infernape,infernape,2026-07-18 17:06:37.536825+00,0.0.0-dev
empoleon-champions,empoleon,395,84,86,88,111,101,60,530,true,OP.GG Pokémon Champions,https://op.gg/pokemon-champions/pokedex/empoleon,empoleon,2026-07-18 17:06:37.536825+00,0.0.0-dev
weavile-champions,weavile,461,70,120,65,45,85,125,510,true,OP.GG Pokémon Champions,https://op.gg/pokemon-champions/pokedex/weavile,weavile,2026-07-18 17:06:37.536825+00,0.0.0-dev
leafeon-champions,leafeon,470,65,110,130,60,65,95,525,true,OP.GG Pokémon Champions,https://op.gg/pokemon-champions/pokedex/leafeon,leafeon,2026-07-18 17:06:37.536825+00,0.0.0-dev
rotom-champions,rotom,479,50,50,77,95,77,91,440,true,OP.GG Pokémon Champions,https://op.gg/pokemon-champions/pokedex/rotom,rotom,2026-07-18 17:06:37.536825+00,0.0.0-dev
samurott-champions,samurott,503,95,100,85,108,70,70,528,true,OP.GG Pokémon Champions,https://op.gg/pokemon-champions/pokedex/samurott,samurott,2026-07-18 17:06:37.536825+00,0.0.0-dev
musharna-champions,musharna,518,116,55,85,107,95,29,487,true,OP.GG Pokémon Champions,https://op.gg/pokemon-champions/pokedex/musharna,musharna,2026-07-18 17:06:37.536825+00,0.0.0-dev
excadrill-champions,excadrill,530,110,135,60,50,65,88,508,true,OP.GG Pokémon Champions,https://op.gg/pokemon-champions/pokedex/excadrill,excadrill,2026-07-18 17:06:37.536825+00,0.0.0-dev
conkeldurr-champions,conkeldurr,534,105,140,95,55,65,45,505,true,OP.GG Pokémon Champions,https://op.gg/pokemon-champions/pokedex/conkeldurr,conkeldurr,2026-07-18 17:06:37.536825+00,0.0.0-dev
cofagrigus-champions,cofagrigus,563,58,50,145,95,105,30,483,true,OP.GG Pokémon Champions,https://op.gg/pokemon-champions/pokedex/cofagrigus,cofagrigus,2026-07-18 17:06:37.536825+00,0.0.0-dev
zoroark-champions,zoroark,571,60,105,60,120,60,105,510,true,OP.GG Pokémon Champions,https://op.gg/pokemon-champions/pokedex/zoroark,zoroark,2026-07-18 17:06:37.536825+00,0.0.0-dev
reuniclus-champions,reuniclus,579,110,65,75,125,85,30,490,true,OP.GG Pokémon Champions,https://op.gg/pokemon-champions/pokedex/reuniclus,reuniclus,2026-07-18 17:06:37.536825+00,0.0.0-dev
diggersby-champions,diggersby,660,85,56,77,50,77,78,423,true,OP.GG Pokémon Champions,https://op.gg/pokemon-champions/pokedex/diggersby,diggersby,2026-07-18 17:06:37.536825+00,0.0.0-dev
vivillon-champions,vivillon,666,80,52,50,90,50,89,411,true,OP.GG Pokémon Champions,https://op.gg/pokemon-champions/pokedex/vivillon,vivillon,2026-07-18 17:06:37.536825+00,0.0.0-dev
pyroar-male-champions,pyroar-male,668,86,68,72,109,66,106,507,true,OP.GG Pokémon Champions,https://op.gg/pokemon-champions/pokedex/pyroar,pyroar,2026-07-18 17:06:37.536825+00,0.0.0-dev
meowstic-male-champions,meowstic-male,678,74,48,76,83,81,104,466,true,OP.GG Pokémon Champions,https://op.gg/pokemon-champions/pokedex/meowstic-male,meowstic-male,2026-07-18 17:06:37.536825+00,0.0.0-dev
malamar-champions,malamar,687,86,92,88,68,75,73,482,true,OP.GG Pokémon Champions,https://op.gg/pokemon-champions/pokedex/malamar,malamar,2026-07-18 17:06:37.536825+00,0.0.0-dev
clawitzer-champions,clawitzer,693,71,73,88,120,89,59,500,true,OP.GG Pokémon Champions,https://op.gg/pokemon-champions/pokedex/clawitzer,clawitzer,2026-07-18 17:06:37.536825+00,0.0.0-dev
heliolisk-champions,heliolisk,695,62,55,52,109,94,109,481,true,OP.GG Pokémon Champions,https://op.gg/pokemon-champions/pokedex/heliolisk,heliolisk,2026-07-18 17:06:37.536825+00,0.0.0-dev
sylveon-champions,sylveon,700,95,65,65,110,130,60,525,true,OP.GG Pokémon Champions,https://op.gg/pokemon-champions/pokedex/sylveon,sylveon,2026-07-18 17:06:37.536825+00,0.0.0-dev
hawlucha-champions,hawlucha,701,78,92,75,74,63,118,500,true,OP.GG Pokémon Champions,https://op.gg/pokemon-champions/pokedex/hawlucha,hawlucha,2026-07-18 17:06:37.536825+00,0.0.0-dev
goodra-champions,goodra,706,90,100,70,110,150,80,600,true,OP.GG Pokémon Champions,https://op.gg/pokemon-champions/pokedex/goodra,goodra,2026-07-18 17:06:37.536825+00,0.0.0-dev
klefki-champions,klefki,707,57,80,91,80,87,75,470,true,OP.GG Pokémon Champions,https://op.gg/pokemon-champions/pokedex/klefki,klefki,2026-07-18 17:06:37.536825+00,0.0.0-dev
trevenant-champions,trevenant,709,85,110,76,65,82,56,474,true,OP.GG Pokémon Champions,https://op.gg/pokemon-champions/pokedex/trevenant,trevenant,2026-07-18 17:06:37.536825+00,0.0.0-dev
avalugg-champions,avalugg,713,95,117,184,44,46,28,514,true,OP.GG Pokémon Champions,https://op.gg/pokemon-champions/pokedex/avalugg,avalugg,2026-07-18 17:06:37.536825+00,0.0.0-dev
decidueye-champions,decidueye,724,78,107,75,100,100,70,530,true,OP.GG Pokémon Champions,https://op.gg/pokemon-champions/pokedex/decidueye,decidueye,2026-07-18 17:06:37.536825+00,0.0.0-dev
mudsdale-champions,mudsdale,750,100,125,100,55,85,35,500,true,OP.GG Pokémon Champions,https://op.gg/pokemon-champions/pokedex/mudsdale,mudsdale,2026-07-18 17:06:37.536825+00,0.0.0-dev
passimian-champions,passimian,766,100,120,90,40,60,80,490,true,OP.GG Pokémon Champions,https://op.gg/pokemon-champions/pokedex/passimian,passimian,2026-07-18 17:06:37.536825+00,0.0.0-dev
runerigus-champions,runerigus,867,58,95,145,50,105,30,483,true,OP.GG Pokémon Champions,https://op.gg/pokemon-champions/pokedex/runerigus,runerigus,2026-07-18 17:06:37.536825+00,0.0.0-dev
kleavor-champions,kleavor,900,70,135,95,45,70,85,500,true,OP.GG Pokémon Champions,https://op.gg/pokemon-champions/pokedex/kleavor,kleavor,2026-07-18 17:06:37.536825+00,0.0.0-dev
quaquaval-champions,quaquaval,914,85,120,80,85,75,85,530,true,OP.GG Pokémon Champions,https://op.gg/pokemon-champions/pokedex/quaquaval,quaquaval,2026-07-18 17:06:37.536825+00,0.0.0-dev
ceruledge-champions,ceruledge,937,75,125,80,60,100,85,525,true,OP.GG Pokémon Champions,https://op.gg/pokemon-champions/pokedex/ceruledge,ceruledge,2026-07-18 17:06:37.536825+00,0.0.0-dev
espathra-champions,espathra,956,95,60,60,101,60,105,481,true,OP.GG Pokémon Champions,https://op.gg/pokemon-champions/pokedex/espathra,espathra,2026-07-18 17:06:37.536825+00,0.0.0-dev
palafin-zero-champions,palafin-zero,964,100,70,72,53,62,100,457,true,OP.GG Pokémon Champions,https://op.gg/pokemon-champions/pokedex/palafin,palafin,2026-07-18 17:06:37.536825+00,0.0.0-dev
houndstone-champions,houndstone,972,72,101,100,50,97,68,488,true,OP.GG Pokémon Champions,https://op.gg/pokemon-champions/pokedex/houndstone,houndstone,2026-07-18 17:06:37.536825+00,0.0.0-dev
meowstic-female-champions,meowstic-female,678,74,48,76,83,81,104,466,true,OP.GG Pokémon Champions,https://op.gg/pokemon-champions/pokedex/meowstic-female,meowstic-female,2026-07-18 17:06:37.536825+00,0.0.0-dev
gourgeist-small-champions,gourgeist-small,711,55,85,122,58,75,99,494,true,OP.GG Pokémon Champions,https://op.gg/pokemon-champions/pokedex/gourgeist-small,gourgeist-small,2026-07-18 17:06:37.536825+00,0.0.0-dev
gourgeist-large-champions,gourgeist-large,711,75,95,122,58,75,69,494,true,OP.GG Pokémon Champions,https://op.gg/pokemon-champions/pokedex/gourgeist-large,gourgeist-large,2026-07-18 17:06:37.536825+00,0.0.0-dev
charizard-mega-x-champions,charizard-mega-x,6,78,130,111,130,85,100,634,true,OP.GG Pokémon Champions,https://op.gg/pokemon-champions/pokedex/mega-charizard-x,mega-charizard-x,2026-07-18 17:06:37.536825+00,0.0.0-dev
charizard-mega-y-champions,charizard-mega-y,6,78,104,78,159,115,100,634,true,OP.GG Pokémon Champions,https://op.gg/pokemon-champions/pokedex/mega-charizard-y,mega-charizard-y,2026-07-18 17:06:37.536825+00,0.0.0-dev
alakazam-mega-champions,alakazam-mega,65,55,50,65,175,105,150,600,true,OP.GG Pokémon Champions,https://op.gg/pokemon-champions/pokedex/mega-alakazam,mega-alakazam,2026-07-18 17:06:37.536825+00,0.0.0-dev
aerodactyl-mega-champions,aerodactyl-mega,142,80,135,85,70,95,150,615,true,OP.GG Pokémon Champions,https://op.gg/pokemon-champions/pokedex/mega-aerodactyl,mega-aerodactyl,2026-07-18 17:06:37.536825+00,0.0.0-dev
gardevoir-mega-champions,gardevoir-mega,282,68,85,65,165,135,100,618,true,OP.GG Pokémon Champions,https://op.gg/pokemon-champions/pokedex/mega-gardevoir,mega-gardevoir,2026-07-18 17:06:37.536825+00,0.0.0-dev
mawile-mega-champions,mawile-mega,303,50,105,125,55,95,50,480,true,OP.GG Pokémon Champions,https://op.gg/pokemon-champions/pokedex/mega-mawile,mega-mawile,2026-07-18 17:06:37.536825+00,0.0.0-dev
medicham-mega-champions,medicham-mega,308,60,100,85,80,85,100,510,true,OP.GG Pokémon Champions,https://op.gg/pokemon-champions/pokedex/mega-medicham,mega-medicham,2026-07-18 17:06:37.536825+00,0.0.0-dev
garchomp-mega-champions,garchomp-mega,445,108,170,115,120,95,92,700,true,OP.GG Pokémon Champions,https://op.gg/pokemon-champions/pokedex/mega-garchomp,mega-garchomp,2026-07-18 17:06:37.536825+00,0.0.0-dev
altaria-mega-champions,altaria-mega,334,75,110,110,110,105,80,590,true,OP.GG Pokémon Champions,https://op.gg/pokemon-champions/pokedex/mega-altaria,mega-altaria,2026-07-18 17:06:37.536825+00,0.0.0-dev
metagross-mega-champions,metagross-mega,376,80,145,150,105,110,110,700,true,OP.GG Pokémon Champions,https://op.gg/pokemon-champions/pokedex/mega-metagross,mega-metagross,2026-07-18 17:06:37.536825+00,0.0.0-dev
lycanroc-dusk-champions,lycanroc-dusk,745,75,117,65,55,65,110,487,true,OP.GG Pokémon Champions,https://op.gg/pokemon-champions/pokedex/lycanroc-dusk,lycanroc-dusk,2026-07-18 17:06:37.536825+00,0.0.0-dev
slowbro-galar-champions,slowbro-galar,80,95,100,95,100,70,30,490,true,OP.GG Pokémon Champions,https://op.gg/pokemon-champions/pokedex/slowbro-galarian,slowbro-galarian,2026-07-18 17:06:37.536825+00,0.0.0-dev
arcanine-hisui-champions,arcanine-hisui,59,95,115,80,95,80,90,555,true,OP.GG Pokémon Champions,https://op.gg/pokemon-champions/pokedex/arcanine-hisui,arcanine-hisui,2026-07-18 17:06:37.536825+00,0.0.0-dev
tauros-paldea-blaze-breed-champions,tauros-paldea-blaze-breed,128,75,110,105,30,70,100,490,true,OP.GG Pokémon Champions,https://op.gg/pokemon-champions/pokedex/tauros-paldean-blaze,tauros-paldean-blaze,2026-07-18 17:06:37.536825+00,0.0.0-dev
clefable-mega-champions,clefable-mega,36,95,80,93,135,110,70,583,true,OP.GG Pokémon Champions,https://op.gg/pokemon-champions/pokedex/mega-clefable,mega-clefable,2026-07-18 17:06:37.536825+00,0.0.0-dev
starmie-mega-champions,starmie-mega,121,60,100,105,130,105,120,620,true,OP.GG Pokémon Champions,https://op.gg/pokemon-champions/pokedex/mega-starmie,mega-starmie,2026-07-18 17:06:37.536825+00,0.0.0-dev
dragonite-mega-champions,dragonite-mega,149,91,124,115,145,125,100,700,true,OP.GG Pokémon Champions,https://op.gg/pokemon-champions/pokedex/mega-dragonite,mega-dragonite,2026-07-18 17:06:37.536825+00,0.0.0-dev
eelektross-mega-champions,eelektross-mega,604,85,145,80,135,90,80,615,true,OP.GG Pokémon Champions,https://op.gg/pokemon-champions/pokedex/mega-eelektross,mega-eelektross,2026-07-18 17:06:37.536825+00,0.0.0-dev
chesnaught-mega-champions,chesnaught-mega,652,88,137,172,74,115,44,630,true,OP.GG Pokémon Champions,https://op.gg/pokemon-champions/pokedex/mega-chesnaught,mega-chesnaught,2026-07-18 17:06:37.536825+00,0.0.0-dev
drampa-mega-champions,drampa-mega,780,78,85,110,160,116,36,585,true,OP.GG Pokémon Champions,https://op.gg/pokemon-champions/pokedex/mega-drampa,mega-drampa,2026-07-18 17:06:37.536825+00,0.0.0-dev
raichu-mega-x-champions,raichu-mega-x,26,60,135,95,90,95,110,585,true,OP.GG Pokémon Champions,https://op.gg/pokemon-champions/pokedex/mega-raichu-x,mega-raichu-x,2026-07-18 17:06:37.536825+00,0.0.0-dev
raichu-champions,raichu,26,60,90,55,90,80,110,485,true,OP.GG Pokémon Champions,https://op.gg/pokemon-champions/pokedex/raichu,raichu,2026-07-18 17:06:37.536825+00,0.0.0-dev
alakazam-champions,alakazam,65,55,50,45,135,95,120,500,true,OP.GG Pokémon Champions,https://op.gg/pokemon-champions/pokedex/alakazam,alakazam,2026-07-18 17:06:37.536825+00,0.0.0-dev
gyarados-champions,gyarados,130,95,125,79,60,100,81,540,true,OP.GG Pokémon Champions,https://op.gg/pokemon-champions/pokedex/gyarados,gyarados,2026-07-18 17:06:37.536825+00,0.0.0-dev
dragonite-champions,dragonite,149,91,134,95,100,100,80,600,true,OP.GG Pokémon Champions,https://op.gg/pokemon-champions/pokedex/dragonite,dragonite,2026-07-18 17:06:37.536825+00,0.0.0-dev
espeon-champions,espeon,196,65,65,60,130,95,110,525,true,OP.GG Pokémon Champions,https://op.gg/pokemon-champions/pokedex/espeon,espeon,2026-07-18 17:06:37.536825+00,0.0.0-dev
umbreon-champions,umbreon,197,95,65,110,60,130,65,525,true,OP.GG Pokémon Champions,https://op.gg/pokemon-champions/pokedex/umbreon,umbreon,2026-07-18 17:06:37.536825+00,0.0.0-dev
slowking-champions,slowking,199,95,75,80,100,110,30,490,true,OP.GG Pokémon Champions,https://op.gg/pokemon-champions/pokedex/slowking,slowking,2026-07-18 17:06:37.536825+00,0.0.0-dev
tyranitar-champions,tyranitar,248,100,134,110,95,100,61,600,true,OP.GG Pokémon Champions,https://op.gg/pokemon-champions/pokedex/tyranitar,tyranitar,2026-07-18 17:06:37.536825+00,0.0.0-dev
sceptile-champions,sceptile,254,70,85,65,105,85,120,530,true,OP.GG Pokémon Champions,https://op.gg/pokemon-champions/pokedex/sceptile,sceptile,2026-07-18 17:06:37.536825+00,0.0.0-dev
torkoal-champions,torkoal,324,70,85,140,85,70,20,470,true,OP.GG Pokémon Champions,https://op.gg/pokemon-champions/pokedex/torkoal,torkoal,2026-07-18 17:06:37.536825+00,0.0.0-dev
castform-champions,castform,351,70,70,70,70,70,70,420,true,OP.GG Pokémon Champions,https://op.gg/pokemon-champions/pokedex/castform,castform,2026-07-18 17:06:37.536825+00,0.0.0-dev
chimecho-champions,chimecho,358,75,50,80,95,90,65,455,true,OP.GG Pokémon Champions,https://op.gg/pokemon-champions/pokedex/chimecho,chimecho,2026-07-18 17:06:37.536825+00,0.0.0-dev
absol-champions,absol,359,65,130,60,75,60,75,465,true,OP.GG Pokémon Champions,https://op.gg/pokemon-champions/pokedex/absol,absol,2026-07-18 17:06:37.536825+00,0.0.0-dev
staraptor-champions,staraptor,398,85,120,70,50,60,100,485,true,OP.GG Pokémon Champions,https://op.gg/pokemon-champions/pokedex/staraptor,staraptor,2026-07-18 17:06:37.536825+00,0.0.0-dev
luxray-champions,luxray,405,80,120,79,95,79,70,523,true,OP.GG Pokémon Champions,https://op.gg/pokemon-champions/pokedex/luxray,luxray,2026-07-18 17:06:37.536825+00,0.0.0-dev
toxicroak-champions,toxicroak,454,83,106,65,86,65,85,490,true,OP.GG Pokémon Champions,https://op.gg/pokemon-champions/pokedex/toxicroak,toxicroak,2026-07-18 17:06:37.536825+00,0.0.0-dev
gliscor-champions,gliscor,472,75,95,125,45,75,95,510,true,OP.GG Pokémon Champions,https://op.gg/pokemon-champions/pokedex/gliscor,gliscor,2026-07-18 17:06:37.536825+00,0.0.0-dev
gallade-champions,gallade,475,68,125,65,65,115,80,518,true,OP.GG Pokémon Champions,https://op.gg/pokemon-champions/pokedex/gallade,gallade,2026-07-18 17:06:37.536825+00,0.0.0-dev
froslass-champions,froslass,478,70,80,70,80,70,110,480,true,OP.GG Pokémon Champions,https://op.gg/pokemon-champions/pokedex/froslass,froslass,2026-07-18 17:06:37.536825+00,0.0.0-dev
simisear-champions,simisear,514,75,98,63,98,63,101,498,true,OP.GG Pokémon Champions,https://op.gg/pokemon-champions/pokedex/simisear,simisear,2026-07-18 17:06:37.536825+00,0.0.0-dev
garbodor-champions,garbodor,569,80,95,82,60,82,75,474,true,OP.GG Pokémon Champions,https://op.gg/pokemon-champions/pokedex/garbodor,garbodor,2026-07-18 17:06:37.536825+00,0.0.0-dev
volcarona-champions,volcarona,637,85,60,65,135,105,100,550,true,OP.GG Pokémon Champions,https://op.gg/pokemon-champions/pokedex/volcarona,volcarona,2026-07-18 17:06:37.536825+00,0.0.0-dev
aromatisse-champions,aromatisse,683,101,72,72,99,89,29,462,true,OP.GG Pokémon Champions,https://op.gg/pokemon-champions/pokedex/aromatisse,aromatisse,2026-07-18 17:06:37.536825+00,0.0.0-dev
slurpuff-champions,slurpuff,685,82,80,86,85,75,72,480,true,OP.GG Pokémon Champions,https://op.gg/pokemon-champions/pokedex/slurpuff,slurpuff,2026-07-18 17:06:37.536825+00,0.0.0-dev
noivern-champions,noivern,715,85,70,80,97,80,123,535,true,OP.GG Pokémon Champions,https://op.gg/pokemon-champions/pokedex/noivern,noivern,2026-07-18 17:06:37.536825+00,0.0.0-dev
incineroar-champions,incineroar,727,95,115,90,80,90,60,530,true,OP.GG Pokémon Champions,https://op.gg/pokemon-champions/pokedex/incineroar,incineroar,2026-07-18 17:06:37.536825+00,0.0.0-dev
primarina-champions,primarina,730,80,74,74,126,116,60,530,true,OP.GG Pokémon Champions,https://op.gg/pokemon-champions/pokedex/primarina,primarina,2026-07-18 17:06:37.536825+00,0.0.0-dev
salazzle-champions,salazzle,758,68,64,60,111,60,117,480,true,OP.GG Pokémon Champions,https://op.gg/pokemon-champions/pokedex/salazzle,salazzle,2026-07-18 17:06:37.536825+00,0.0.0-dev
mimikyu-disguised-champions,mimikyu-disguised,778,55,90,80,50,105,96,476,true,OP.GG Pokémon Champions,https://op.gg/pokemon-champions/pokedex/mimikyu,mimikyu,2026-07-18 17:06:37.536825+00,0.0.0-dev
drampa-champions,drampa,780,78,60,85,135,91,36,485,true,OP.GG Pokémon Champions,https://op.gg/pokemon-champions/pokedex/drampa,drampa,2026-07-18 17:06:37.536825+00,0.0.0-dev
kommo-o-champions,kommo-o,784,75,110,125,100,105,85,600,true,OP.GG Pokémon Champions,https://op.gg/pokemon-champions/pokedex/kommo-o,kommo-o,2026-07-18 17:06:37.536825+00,0.0.0-dev
appletun-champions,appletun,842,110,85,80,100,80,30,485,true,OP.GG Pokémon Champions,https://op.gg/pokemon-champions/pokedex/appletun,appletun,2026-07-18 17:06:37.536825+00,0.0.0-dev
hatterene-champions,hatterene,858,57,90,95,136,103,29,510,true,OP.GG Pokémon Champions,https://op.gg/pokemon-champions/pokedex/hatterene,hatterene,2026-07-18 17:06:37.536825+00,0.0.0-dev
mr-rime-champions,mr-rime,866,80,85,75,110,100,70,520,true,OP.GG Pokémon Champions,https://op.gg/pokemon-champions/pokedex/mr.-rime,mr.-rime,2026-07-18 17:06:37.536825+00,0.0.0-dev
falinks-champions,falinks,870,65,100,100,70,60,75,470,true,OP.GG Pokémon Champions,https://op.gg/pokemon-champions/pokedex/falinks,falinks,2026-07-18 17:06:37.536825+00,0.0.0-dev
basculegion-male-champions,basculegion-male,902,120,112,65,80,75,78,530,true,OP.GG Pokémon Champions,https://op.gg/pokemon-champions/pokedex/basculegion-male,basculegion-male,2026-07-18 17:06:37.536825+00,0.0.0-dev
overqwil-champions,overqwil,904,85,115,95,65,65,85,510,true,OP.GG Pokémon Champions,https://op.gg/pokemon-champions/pokedex/overqwil,overqwil,2026-07-18 17:06:37.536825+00,0.0.0-dev
meowscarada-champions,meowscarada,908,76,110,70,81,70,123,530,true,OP.GG Pokémon Champions,https://op.gg/pokemon-champions/pokedex/meowscarada,meowscarada,2026-07-18 17:06:37.536825+00,0.0.0-dev
bellibolt-champions,bellibolt,939,109,64,91,103,83,45,495,true,OP.GG Pokémon Champions,https://op.gg/pokemon-champions/pokedex/bellibolt,bellibolt,2026-07-18 17:06:37.536825+00,0.0.0-dev
orthworm-champions,orthworm,968,70,85,145,60,55,65,480,true,OP.GG Pokémon Champions,https://op.gg/pokemon-champions/pokedex/orthworm,orthworm,2026-07-18 17:06:37.536825+00,0.0.0-dev
glimmora-champions,glimmora,970,83,55,90,130,81,86,525,true,OP.GG Pokémon Champions,https://op.gg/pokemon-champions/pokedex/glimmora,glimmora,2026-07-18 17:06:37.536825+00,0.0.0-dev
sinistcha-champions,sinistcha,1013,71,60,106,121,80,70,508,true,OP.GG Pokémon Champions,https://op.gg/pokemon-champions/pokedex/sinistcha,sinistcha,2026-07-18 17:06:37.536825+00,0.0.0-dev
archaludon-champions,archaludon,1018,90,105,130,125,65,85,600,true,OP.GG Pokémon Champions,https://op.gg/pokemon-champions/pokedex/archaludon,archaludon,2026-07-18 17:06:37.536825+00,0.0.0-dev
hydrapple-champions,hydrapple,1019,106,80,110,120,80,44,540,true,OP.GG Pokémon Champions,https://op.gg/pokemon-champions/pokedex/hydrapple,hydrapple,2026-07-18 17:06:37.536825+00,0.0.0-dev
rotom-fan-champions,rotom-fan,479,50,65,107,105,107,86,520,true,OP.GG Pokémon Champions,https://op.gg/pokemon-champions/pokedex/rotom-fan,rotom-fan,2026-07-18 17:06:37.536825+00,0.0.0-dev
rotom-mow-champions,rotom-mow,479,50,65,107,105,107,86,520,true,OP.GG Pokémon Champions,https://op.gg/pokemon-champions/pokedex/rotom-mow,rotom-mow,2026-07-18 17:06:37.536825+00,0.0.0-dev
gyarados-mega-champions,gyarados-mega,130,95,155,109,70,130,81,640,true,OP.GG Pokémon Champions,https://op.gg/pokemon-champions/pokedex/mega-gyarados,mega-gyarados,2026-07-18 17:06:37.536825+00,0.0.0-dev
scizor-mega-champions,scizor-mega,212,70,150,140,65,100,75,600,true,OP.GG Pokémon Champions,https://op.gg/pokemon-champions/pokedex/mega-scizor,mega-scizor,2026-07-18 17:06:37.536825+00,0.0.0-dev
absol-mega-champions,absol-mega,359,65,150,60,115,60,115,565,true,OP.GG Pokémon Champions,https://op.gg/pokemon-champions/pokedex/mega-absol,mega-absol,2026-07-18 17:06:37.536825+00,0.0.0-dev
lucario-mega-champions,lucario-mega,448,70,145,88,140,70,112,625,true,OP.GG Pokémon Champions,https://op.gg/pokemon-champions/pokedex/mega-lucario,mega-lucario,2026-07-18 17:06:37.536825+00,0.0.0-dev
swampert-mega-champions,swampert-mega,260,100,150,110,95,110,70,635,true,OP.GG Pokémon Champions,https://op.gg/pokemon-champions/pokedex/mega-swampert,mega-swampert,2026-07-18 17:06:37.536825+00,0.0.0-dev
sharpedo-mega-champions,sharpedo-mega,319,70,140,70,110,65,105,560,true,OP.GG Pokémon Champions,https://op.gg/pokemon-champions/pokedex/mega-sharpedo,mega-sharpedo,2026-07-18 17:06:37.536825+00,0.0.0-dev
beedrill-mega-champions,beedrill-mega,15,65,150,40,15,80,145,495,true,OP.GG Pokémon Champions,https://op.gg/pokemon-champions/pokedex/mega-beedrill,mega-beedrill,2026-07-18 17:06:37.536825+00,0.0.0-dev
ninetales-alola-champions,ninetales-alola,38,73,67,75,81,100,109,505,true,OP.GG Pokémon Champions,https://op.gg/pokemon-champions/pokedex/ninetales-alolan,ninetales-alolan,2026-07-18 17:06:37.536825+00,0.0.0-dev
slowking-galar-champions,slowking-galar,199,95,65,80,110,110,30,490,true,OP.GG Pokémon Champions,https://op.gg/pokemon-champions/pokedex/slowking-galarian,slowking-galarian,2026-07-18 17:06:37.536825+00,0.0.0-dev
typhlosion-hisui-champions,typhlosion-hisui,157,73,84,78,119,85,95,534,true,OP.GG Pokémon Champions,https://op.gg/pokemon-champions/pokedex/typhlosion-hisui,typhlosion-hisui,2026-07-18 17:06:37.536825+00,0.0.0-dev
samurott-hisui-champions,samurott-hisui,503,90,108,80,100,65,85,528,true,OP.GG Pokémon Champions,https://op.gg/pokemon-champions/pokedex/samurott-hisui,samurott-hisui,2026-07-18 17:06:37.536825+00,0.0.0-dev
zoroark-hisui-champions,zoroark-hisui,571,55,100,60,125,60,110,510,true,OP.GG Pokémon Champions,https://op.gg/pokemon-champions/pokedex/zoroark-hisui,zoroark-hisui,2026-07-18 17:06:37.536825+00,0.0.0-dev
decidueye-hisui-champions,decidueye-hisui,724,88,112,80,95,95,60,530,true,OP.GG Pokémon Champions,https://op.gg/pokemon-champions/pokedex/decidueye-hisui,decidueye-hisui,2026-07-18 17:06:37.536825+00,0.0.0-dev
tauros-paldea-combat-breed-champions,tauros-paldea-combat-breed,128,75,110,105,30,70,100,490,true,OP.GG Pokémon Champions,https://op.gg/pokemon-champions/pokedex/tauros-paldean-combat,tauros-paldean-combat,2026-07-18 17:06:37.536825+00,0.0.0-dev
meganium-mega-champions,meganium-mega,154,80,92,115,143,115,80,625,true,OP.GG Pokémon Champions,https://op.gg/pokemon-champions/pokedex/mega-meganium,mega-meganium,2026-07-18 17:06:37.536825+00,0.0.0-dev
skarmory-mega-champions,skarmory-mega,227,65,140,110,40,100,110,565,true,OP.GG Pokémon Champions,https://op.gg/pokemon-champions/pokedex/mega-skarmory,mega-skarmory,2026-07-18 17:06:37.536825+00,0.0.0-dev
scolipede-mega-champions,scolipede-mega,545,60,140,149,75,99,62,585,true,OP.GG Pokémon Champions,https://op.gg/pokemon-champions/pokedex/mega-scolipede,mega-scolipede,2026-07-18 17:06:37.536825+00,0.0.0-dev
scrafty-mega-champions,scrafty-mega,560,65,130,135,55,135,68,588,true,OP.GG Pokémon Champions,https://op.gg/pokemon-champions/pokedex/mega-scrafty,mega-scrafty,2026-07-18 17:06:37.536825+00,0.0.0-dev
greninja-mega-champions,greninja-mega,658,72,125,77,133,81,142,630,true,OP.GG Pokémon Champions,https://op.gg/pokemon-champions/pokedex/mega-greninja,mega-greninja,2026-07-18 17:06:37.536825+00,0.0.0-dev
pyroar-mega-champions,pyroar-mega,668,86,88,92,129,86,126,607,true,OP.GG Pokémon Champions,https://op.gg/pokemon-champions/pokedex/mega-pyroar,mega-pyroar,2026-07-18 17:06:37.536825+00,0.0.0-dev
floette-mega-champions,floette-mega,670,74,85,87,155,148,102,651,true,OP.GG Pokémon Champions,https://op.gg/pokemon-champions/pokedex/mega-floette,mega-floette,2026-07-18 17:06:37.536825+00,0.0.0-dev
malamar-mega-champions,malamar-mega,687,86,102,88,98,120,88,582,true,OP.GG Pokémon Champions,https://op.gg/pokemon-champions/pokedex/mega-malamar,mega-malamar,2026-07-18 17:06:37.536825+00,0.0.0-dev
dragalge-mega-champions,dragalge-mega,691,65,85,105,132,163,44,594,true,OP.GG Pokémon Champions,https://op.gg/pokemon-champions/pokedex/mega-dragalge,mega-dragalge,2026-07-18 17:06:37.536825+00,0.0.0-dev
venusaur-champions,venusaur,3,80,82,83,100,100,80,525,true,OP.GG Pokémon Champions,https://op.gg/pokemon-champions/pokedex/venusaur,venusaur,2026-07-18 17:06:37.536825+00,0.0.0-dev
blastoise-champions,blastoise,9,79,83,100,85,105,78,530,true,OP.GG Pokémon Champions,https://op.gg/pokemon-champions/pokedex/blastoise,blastoise,2026-07-18 17:06:37.536825+00,0.0.0-dev
pikachu-champions,pikachu,25,35,55,40,50,50,90,320,true,OP.GG Pokémon Champions,https://op.gg/pokemon-champions/pokedex/pikachu,pikachu,2026-07-18 17:06:37.536825+00,0.0.0-dev
vileplume-champions,vileplume,45,75,80,85,110,90,50,490,true,OP.GG Pokémon Champions,https://op.gg/pokemon-champions/pokedex/vileplume,vileplume,2026-07-18 17:06:37.536825+00,0.0.0-dev
slowbro-champions,slowbro,80,95,75,110,100,80,30,490,true,OP.GG Pokémon Champions,https://op.gg/pokemon-champions/pokedex/slowbro,slowbro,2026-07-18 17:06:37.536825+00,0.0.0-dev
tauros-champions,tauros,128,75,100,95,40,70,110,490,true,OP.GG Pokémon Champions,https://op.gg/pokemon-champions/pokedex/tauros,tauros,2026-07-18 17:06:37.536825+00,0.0.0-dev
ditto-champions,ditto,132,48,48,48,48,48,48,288,true,OP.GG Pokémon Champions,https://op.gg/pokemon-champions/pokedex/ditto,ditto,2026-07-18 17:06:37.536825+00,0.0.0-dev
aerodactyl-champions,aerodactyl,142,80,105,65,60,75,130,515,true,OP.GG Pokémon Champions,https://op.gg/pokemon-champions/pokedex/aerodactyl,aerodactyl,2026-07-18 17:06:37.536825+00,0.0.0-dev
typhlosion-champions,typhlosion,157,78,84,78,109,85,100,534,true,OP.GG Pokémon Champions,https://op.gg/pokemon-champions/pokedex/typhlosion,typhlosion,2026-07-18 17:06:37.536825+00,0.0.0-dev
ariados-champions,ariados,168,70,90,70,60,70,40,400,true,OP.GG Pokémon Champions,https://op.gg/pokemon-champions/pokedex/ariados,ariados,2026-07-18 17:06:37.536825+00,0.0.0-dev
ampharos-champions,ampharos,181,90,75,85,115,90,55,510,true,OP.GG Pokémon Champions,https://op.gg/pokemon-champions/pokedex/ampharos,ampharos,2026-07-18 17:06:37.536825+00,0.0.0-dev
steelix-champions,steelix,208,75,85,200,55,65,30,510,true,OP.GG Pokémon Champions,https://op.gg/pokemon-champions/pokedex/steelix,steelix,2026-07-18 17:06:37.536825+00,0.0.0-dev
scizor-champions,scizor,212,70,130,100,55,80,65,500,true,OP.GG Pokémon Champions,https://op.gg/pokemon-champions/pokedex/scizor,scizor,2026-07-18 17:06:37.536825+00,0.0.0-dev
heracross-champions,heracross,214,80,125,75,40,95,85,500,true,OP.GG Pokémon Champions,https://op.gg/pokemon-champions/pokedex/heracross,heracross,2026-07-18 17:06:37.536825+00,0.0.0-dev
pelipper-champions,pelipper,279,60,50,100,95,70,65,440,true,OP.GG Pokémon Champions,https://op.gg/pokemon-champions/pokedex/pelipper,pelipper,2026-07-18 17:06:37.536825+00,0.0.0-dev
gardevoir-champions,gardevoir,282,68,65,65,125,115,80,518,true,OP.GG Pokémon Champions,https://op.gg/pokemon-champions/pokedex/gardevoir,gardevoir,2026-07-18 17:06:37.536825+00,0.0.0-dev
sableye-champions,sableye,302,50,75,75,65,65,50,380,true,OP.GG Pokémon Champions,https://op.gg/pokemon-champions/pokedex/sableye,sableye,2026-07-18 17:06:37.536825+00,0.0.0-dev
medicham-champions,medicham,308,60,60,75,60,75,80,410,true,OP.GG Pokémon Champions,https://op.gg/pokemon-champions/pokedex/medicham,medicham,2026-07-18 17:06:37.536825+00,0.0.0-dev
altaria-champions,altaria,334,75,70,90,70,105,80,490,true,OP.GG Pokémon Champions,https://op.gg/pokemon-champions/pokedex/altaria,altaria,2026-07-18 17:06:37.536825+00,0.0.0-dev
metagross-champions,metagross,376,80,135,130,95,90,70,600,true,OP.GG Pokémon Champions,https://op.gg/pokemon-champions/pokedex/metagross,metagross,2026-07-18 17:06:37.536825+00,0.0.0-dev
torterra-champions,torterra,389,95,109,105,75,85,56,525,true,OP.GG Pokémon Champions,https://op.gg/pokemon-champions/pokedex/torterra,torterra,2026-07-18 17:06:37.536825+00,0.0.0-dev
roserade-champions,roserade,407,60,70,65,125,105,90,515,true,OP.GG Pokémon Champions,https://op.gg/pokemon-champions/pokedex/roserade,roserade,2026-07-18 17:06:37.536825+00,0.0.0-dev
rampardos-champions,rampardos,409,97,165,60,65,50,58,495,true,OP.GG Pokémon Champions,https://op.gg/pokemon-champions/pokedex/rampardos,rampardos,2026-07-18 17:06:37.536825+00,0.0.0-dev
bastiodon-champions,bastiodon,411,60,52,168,47,138,30,495,true,OP.GG Pokémon Champions,https://op.gg/pokemon-champions/pokedex/bastiodon,bastiodon,2026-07-18 17:06:37.536825+00,0.0.0-dev
spiritomb-champions,spiritomb,442,50,92,108,92,108,35,485,true,OP.GG Pokémon Champions,https://op.gg/pokemon-champions/pokedex/spiritomb,spiritomb,2026-07-18 17:06:37.536825+00,0.0.0-dev
lucario-champions,lucario,448,70,110,70,115,70,90,525,true,OP.GG Pokémon Champions,https://op.gg/pokemon-champions/pokedex/lucario,lucario,2026-07-18 17:06:37.536825+00,0.0.0-dev
abomasnow-champions,abomasnow,460,90,92,75,92,85,60,494,true,OP.GG Pokémon Champions,https://op.gg/pokemon-champions/pokedex/abomasnow,abomasnow,2026-07-18 17:06:37.536825+00,0.0.0-dev
rhyperior-champions,rhyperior,464,115,140,130,55,55,40,535,true,OP.GG Pokémon Champions,https://op.gg/pokemon-champions/pokedex/rhyperior,rhyperior,2026-07-18 17:06:37.536825+00,0.0.0-dev
glaceon-champions,glaceon,471,65,60,110,130,95,65,525,true,OP.GG Pokémon Champions,https://op.gg/pokemon-champions/pokedex/glaceon,glaceon,2026-07-18 17:06:37.536825+00,0.0.0-dev
serperior-champions,serperior,497,75,75,95,75,95,113,528,true,OP.GG Pokémon Champions,https://op.gg/pokemon-champions/pokedex/serperior,serperior,2026-07-18 17:06:37.536825+00,0.0.0-dev
watchog-champions,watchog,505,60,85,69,60,69,77,420,true,OP.GG Pokémon Champions,https://op.gg/pokemon-champions/pokedex/watchog,watchog,2026-07-18 17:06:37.536825+00,0.0.0-dev
simipour-champions,simipour,516,75,98,63,98,63,101,498,true,OP.GG Pokémon Champions,https://op.gg/pokemon-champions/pokedex/simipour,simipour,2026-07-18 17:06:37.536825+00,0.0.0-dev
scolipede-champions,scolipede,545,60,100,89,55,69,112,485,true,OP.GG Pokémon Champions,https://op.gg/pokemon-champions/pokedex/scolipede,scolipede,2026-07-18 17:06:37.536825+00,0.0.0-dev
scrafty-champions,scrafty,560,65,90,115,45,115,58,488,true,OP.GG Pokémon Champions,https://op.gg/pokemon-champions/pokedex/scrafty,scrafty,2026-07-18 17:06:37.536825+00,0.0.0-dev
vanilluxe-champions,vanilluxe,584,71,95,85,110,95,79,535,true,OP.GG Pokémon Champions,https://op.gg/pokemon-champions/pokedex/vanilluxe,vanilluxe,2026-07-18 17:06:37.536825+00,0.0.0-dev
emolga-champions,emolga,587,55,75,60,75,60,103,428,true,OP.GG Pokémon Champions,https://op.gg/pokemon-champions/pokedex/emolga,emolga,2026-07-18 17:06:37.536825+00,0.0.0-dev
eelektross-champions,eelektross,604,85,115,80,105,80,50,515,true,OP.GG Pokémon Champions,https://op.gg/pokemon-champions/pokedex/eelektross,eelektross,2026-07-18 17:06:37.536825+00,0.0.0-dev
golurk-champions,golurk,623,89,124,80,55,80,55,483,true,OP.GG Pokémon Champions,https://op.gg/pokemon-champions/pokedex/golurk,golurk,2026-07-18 17:06:37.536825+00,0.0.0-dev
hydreigon-champions,hydreigon,635,92,105,90,125,90,98,600,true,OP.GG Pokémon Champions,https://op.gg/pokemon-champions/pokedex/hydreigon,hydreigon,2026-07-18 17:06:37.536825+00,0.0.0-dev
chesnaught-champions,chesnaught,652,88,107,122,74,75,64,530,true,OP.GG Pokémon Champions,https://op.gg/pokemon-champions/pokedex/chesnaught,chesnaught,2026-07-18 17:06:37.536825+00,0.0.0-dev
talonflame-champions,talonflame,663,78,81,71,74,69,126,499,true,OP.GG Pokémon Champions,https://op.gg/pokemon-champions/pokedex/talonflame,talonflame,2026-07-18 17:06:37.536825+00,0.0.0-dev
florges-champions,florges,671,78,65,68,112,154,75,552,true,OP.GG Pokémon Champions,https://op.gg/pokemon-champions/pokedex/florges,florges,2026-07-18 17:06:37.536825+00,0.0.0-dev
furfrou-champions,furfrou,676,75,80,60,65,90,102,472,true,OP.GG Pokémon Champions,https://op.gg/pokemon-champions/pokedex/furfrou,furfrou,2026-07-18 17:06:37.536825+00,0.0.0-dev
dragalge-champions,dragalge,691,65,75,90,97,123,44,494,true,OP.GG Pokémon Champions,https://op.gg/pokemon-champions/pokedex/dragalge,dragalge,2026-07-18 17:06:37.536825+00,0.0.0-dev
tyrantrum-champions,tyrantrum,697,82,121,119,69,59,71,521,true,OP.GG Pokémon Champions,https://op.gg/pokemon-champions/pokedex/tyrantrum,tyrantrum,2026-07-18 17:06:37.536825+00,0.0.0-dev
dedenne-champions,dedenne,702,67,58,57,81,67,101,431,true,OP.GG Pokémon Champions,https://op.gg/pokemon-champions/pokedex/dedenne,dedenne,2026-07-18 17:06:37.536825+00,0.0.0-dev
toucannon-champions,toucannon,733,80,120,75,75,75,60,485,true,OP.GG Pokémon Champions,https://op.gg/pokemon-champions/pokedex/toucannon,toucannon,2026-07-18 17:06:37.536825+00,0.0.0-dev
crabominable-champions,crabominable,740,97,132,77,62,67,43,478,true,OP.GG Pokémon Champions,https://op.gg/pokemon-champions/pokedex/crabominable,crabominable,2026-07-18 17:06:37.536825+00,0.0.0-dev
araquanid-champions,araquanid,752,68,70,92,50,132,42,454,true,OP.GG Pokémon Champions,https://op.gg/pokemon-champions/pokedex/araquanid,araquanid,2026-07-18 17:06:37.536825+00,0.0.0-dev
polteageist-champions,polteageist,855,60,65,65,134,114,70,508,true,OP.GG Pokémon Champions,https://op.gg/pokemon-champions/pokedex/polteageist,polteageist,2026-07-18 17:06:37.536825+00,0.0.0-dev
grimmsnarl-champions,grimmsnarl,861,95,120,65,95,75,60,510,true,OP.GG Pokémon Champions,https://op.gg/pokemon-champions/pokedex/grimmsnarl,grimmsnarl,2026-07-18 17:06:37.536825+00,0.0.0-dev
alcremie-champions,alcremie,869,65,60,75,110,121,64,495,true,OP.GG Pokémon Champions,https://op.gg/pokemon-champions/pokedex/alcremie,alcremie,2026-07-18 17:06:37.536825+00,0.0.0-dev
morpeko-full-belly-champions,morpeko-full-belly,877,58,95,58,70,58,97,436,true,OP.GG Pokémon Champions,https://op.gg/pokemon-champions/pokedex/morpeko,morpeko,2026-07-18 17:06:37.536825+00,0.0.0-dev
dragapult-champions,dragapult,887,88,120,75,100,75,142,600,true,OP.GG Pokémon Champions,https://op.gg/pokemon-champions/pokedex/dragapult,dragapult,2026-07-18 17:06:37.536825+00,0.0.0-dev
maushold-family-of-four-champions,maushold-family-of-four,925,74,75,70,65,75,111,470,true,OP.GG Pokémon Champions,https://op.gg/pokemon-champions/pokedex/maushold-family-of-four,maushold-family-of-four,2026-07-18 17:06:37.536825+00,0.0.0-dev
armarouge-champions,armarouge,936,85,60,100,125,80,75,525,true,OP.GG Pokémon Champions,https://op.gg/pokemon-champions/pokedex/armarouge,armarouge,2026-07-18 17:06:37.536825+00,0.0.0-dev
tinkaton-champions,tinkaton,959,85,75,77,70,105,94,506,true,OP.GG Pokémon Champions,https://op.gg/pokemon-champions/pokedex/tinkaton,tinkaton,2026-07-18 17:06:37.536825+00,0.0.0-dev
annihilape-champions,annihilape,979,110,115,80,50,90,90,535,true,OP.GG Pokémon Champions,https://op.gg/pokemon-champions/pokedex/annihilape,annihilape,2026-07-18 17:06:37.536825+00,0.0.0-dev
farigiraf-champions,farigiraf,981,120,90,70,110,70,60,520,true,OP.GG Pokémon Champions,https://op.gg/pokemon-champions/pokedex/farigiraf,farigiraf,2026-07-18 17:06:37.536825+00,0.0.0-dev
rotom-wash-champions,rotom-wash,479,50,65,107,105,107,86,520,true,OP.GG Pokémon Champions,https://op.gg/pokemon-champions/pokedex/rotom-wash,rotom-wash,2026-07-18 17:06:37.536825+00,0.0.0-dev
gourgeist-super-champions,gourgeist-super,711,85,100,122,58,75,54,494,true,OP.GG Pokémon Champions,https://op.gg/pokemon-champions/pokedex/gourgeist-super,gourgeist-super,2026-07-18 17:06:37.536825+00,0.0.0-dev
venusaur-mega-champions,venusaur-mega,3,80,100,123,122,120,80,625,true,OP.GG Pokémon Champions,https://op.gg/pokemon-champions/pokedex/mega-venusaur,mega-venusaur,2026-07-18 17:06:37.536825+00,0.0.0-dev
gengar-mega-champions,gengar-mega,94,60,65,80,170,95,130,600,true,OP.GG Pokémon Champions,https://op.gg/pokemon-champions/pokedex/mega-gengar,mega-gengar,2026-07-18 17:06:37.536825+00,0.0.0-dev
ampharos-mega-champions,ampharos-mega,181,90,95,105,165,110,45,610,true,OP.GG Pokémon Champions,https://op.gg/pokemon-champions/pokedex/mega-ampharos,mega-ampharos,2026-07-18 17:06:37.536825+00,0.0.0-dev
aggron-mega-champions,aggron-mega,306,70,140,230,60,80,50,630,true,OP.GG Pokémon Champions,https://op.gg/pokemon-champions/pokedex/mega-aggron,mega-aggron,2026-07-18 17:06:37.536825+00,0.0.0-dev
manectric-mega-champions,manectric-mega,310,70,75,80,135,80,135,575,true,OP.GG Pokémon Champions,https://op.gg/pokemon-champions/pokedex/mega-manectric,mega-manectric,2026-07-18 17:06:37.536825+00,0.0.0-dev
abomasnow-mega-champions,abomasnow-mega,460,90,132,105,132,105,30,594,true,OP.GG Pokémon Champions,https://op.gg/pokemon-champions/pokedex/mega-abomasnow,mega-abomasnow,2026-07-18 17:06:37.536825+00,0.0.0-dev
floette-eternal-champions,floette-eternal,670,74,65,67,125,128,92,551,true,OP.GG Pokémon Champions,https://op.gg/pokemon-champions/pokedex/floette-eternal-flower,floette-eternal-flower,2026-07-18 17:06:37.536825+00,0.0.0-dev
sableye-mega-champions,sableye-mega,302,50,85,125,85,115,20,480,true,OP.GG Pokémon Champions,https://op.gg/pokemon-champions/pokedex/mega-sableye,mega-sableye,2026-07-18 17:06:37.536825+00,0.0.0-dev
audino-mega-champions,audino-mega,531,103,60,126,80,126,50,545,true,OP.GG Pokémon Champions,https://op.gg/pokemon-champions/pokedex/mega-audino,mega-audino,2026-07-18 17:06:37.536825+00,0.0.0-dev
slowbro-mega-champions,slowbro-mega,80,95,75,180,130,80,30,590,true,OP.GG Pokémon Champions,https://op.gg/pokemon-champions/pokedex/mega-slowbro,mega-slowbro,2026-07-18 17:06:37.536825+00,0.0.0-dev
glalie-mega-champions,glalie-mega,362,80,120,80,120,80,100,580,true,OP.GG Pokémon Champions,https://op.gg/pokemon-champions/pokedex/mega-glalie,mega-glalie,2026-07-18 17:06:37.536825+00,0.0.0-dev
lopunny-mega-champions,lopunny-mega,428,65,136,94,54,96,135,580,true,OP.GG Pokémon Champions,https://op.gg/pokemon-champions/pokedex/mega-lopunny,mega-lopunny,2026-07-18 17:06:37.536825+00,0.0.0-dev
lycanroc-midnight-champions,lycanroc-midnight,745,85,115,75,55,75,82,487,true,OP.GG Pokémon Champions,https://op.gg/pokemon-champions/pokedex/lycanroc-midnight,lycanroc-midnight,2026-07-18 17:06:37.536825+00,0.0.0-dev
goodra-hisui-champions,goodra-hisui,706,80,100,100,110,150,60,600,true,OP.GG Pokémon Champions,https://op.gg/pokemon-champions/pokedex/goodra-hisui,goodra-hisui,2026-07-18 17:06:37.536825+00,0.0.0-dev
basculegion-female-champions,basculegion-female,902,120,92,65,100,75,78,530,true,OP.GG Pokémon Champions,https://op.gg/pokemon-champions/pokedex/basculegion-female,basculegion-female,2026-07-18 17:06:37.536825+00,0.0.0-dev
tauros-paldea-aqua-breed-champions,tauros-paldea-aqua-breed,128,75,110,105,30,70,100,490,true,OP.GG Pokémon Champions,https://op.gg/pokemon-champions/pokedex/tauros-paldean-aqua,tauros-paldean-aqua,2026-07-18 17:06:37.536825+00,0.0.0-dev
palafin-hero-champions,palafin-hero,964,100,160,97,106,87,100,650,true,OP.GG Pokémon Champions,https://op.gg/pokemon-champions/pokedex/palafin-hero,palafin-hero,2026-07-18 17:06:37.536825+00,0.0.0-dev
maushold-family-of-three-champions,maushold-family-of-three,925,74,75,70,65,75,111,470,true,OP.GG Pokémon Champions,https://op.gg/pokemon-champions/pokedex/maushold-family-of-three,maushold-family-of-three,2026-07-18 17:06:37.536825+00,0.0.0-dev
feraligatr-mega-champions,feraligatr-mega,160,85,160,125,89,93,78,630,true,OP.GG Pokémon Champions,https://op.gg/pokemon-champions/pokedex/mega-feraligatr,mega-feraligatr,2026-07-18 17:06:37.536825+00,0.0.0-dev
froslass-mega-champions,froslass-mega,478,70,80,70,140,100,120,580,true,OP.GG Pokémon Champions,https://op.gg/pokemon-champions/pokedex/mega-froslass,mega-froslass,2026-07-18 17:06:37.536825+00,0.0.0-dev
emboar-mega-champions,emboar-mega,500,110,148,75,110,110,75,628,true,OP.GG Pokémon Champions,https://op.gg/pokemon-champions/pokedex/mega-emboar,mega-emboar,2026-07-18 17:06:37.536825+00,0.0.0-dev
excadrill-mega-champions,excadrill-mega,530,110,165,100,65,65,103,608,true,OP.GG Pokémon Champions,https://op.gg/pokemon-champions/pokedex/mega-excadrill,mega-excadrill,2026-07-18 17:06:37.536825+00,0.0.0-dev
delphox-mega-champions,delphox-mega,655,75,69,72,159,125,134,634,true,OP.GG Pokémon Champions,https://op.gg/pokemon-champions/pokedex/mega-delphox,mega-delphox,2026-07-18 17:06:37.536825+00,0.0.0-dev
barbaracle-mega-champions,barbaracle-mega,689,72,140,130,64,106,88,600,true,OP.GG Pokémon Champions,https://op.gg/pokemon-champions/pokedex/mega-barbaracle,mega-barbaracle,2026-07-18 17:06:37.536825+00,0.0.0-dev
raichu-mega-y-champions,raichu-mega-y,26,60,100,55,160,80,130,585,true,OP.GG Pokémon Champions,https://op.gg/pokemon-champions/pokedex/mega-raichu-y,mega-raichu-y,2026-07-18 17:06:37.536825+00,0.0.0-dev
staraptor-mega-champions,staraptor-mega,398,85,140,100,60,90,110,585,true,OP.GG Pokémon Champions,https://op.gg/pokemon-champions/pokedex/mega-staraptor,mega-staraptor,2026-07-18 17:06:37.536825+00,0.0.0-dev
golurk-mega-champions,golurk-mega,623,89,159,105,70,105,55,583,true,OP.GG Pokémon Champions,https://op.gg/pokemon-champions/pokedex/mega-golurk,mega-golurk,2026-07-18 17:06:37.536825+00,0.0.0-dev
crabominable-mega-champions,crabominable-mega,740,97,157,122,62,107,33,578,true,OP.GG Pokémon Champions,https://op.gg/pokemon-champions/pokedex/mega-crabominable,mega-crabominable,2026-07-18 17:06:37.536825+00,0.0.0-dev
glimmora-mega-champions,glimmora-mega,970,83,90,105,150,96,101,625,true,OP.GG Pokémon Champions,https://op.gg/pokemon-champions/pokedex/mega-glimmora,mega-glimmora,2026-07-18 17:06:37.536825+00,0.0.0-dev
