pokemon_id,pokemon_name,form_name,is_legal,hp,attack,defense,sp_attack,sp_defense,speed,stat_total,regulation_code,source_name,source_url,source_record_id,extracted_at_utc,dataset_version
3,Venusaur,Venusaur,True,80,82,83,100,100,80,525,,OP.GG Pokémon Champions,https://op.gg/pokemon-champions/pokedex/venusaur,venusaur,2026-07-18T17:06:37.536825+00:00,0.0.0-dev
,Venusaur,Mega Venusaur,True,80,100,123,122,120,80,625,,OP.GG Pokémon Champions,https://op.gg/pokemon-champions/pokedex/mega-venusaur,mega-venusaur,2026-07-18T17:06:37.536825+00:00,0.0.0-dev
6,Charizard,Charizard,True,78,84,78,109,85,100,534,,OP.GG Pokémon Champions,https://op.gg/pokemon-champions/pokedex/charizard,charizard,2026-07-18T17:06:37.536825+00:00,0.0.0-dev
,Charizard,Mega Charizard X,True,78,130,111,130,85,100,634,,OP.GG Pokémon Champions,https://op.gg/pokemon-champions/pokedex/mega-charizard-x,mega-charizard-x,2026-07-18T17:06:37.536825+00:00,0.0.0-dev
,Charizard,Mega Charizard Y,True,78,104,78,159,115,100,634,,OP.GG Pokémon Champions,https://op.gg/pokemon-champions/pokedex/mega-charizard-y,mega-charizard-y,2026-07-18T17:06:37.536825+00:00,0.0.0-dev
9,Blastoise,Blastoise,True,79,83,100,85,105,78,530,,OP.GG Pokémon Champions,https://op.gg/pokemon-champions/pokedex/blastoise,blastoise,2026-07-18T17:06:37.536825+00:00,0.0.0-dev
,Blastoise,Mega Blastoise,True,79,103,120,135,115,78,630,,OP.GG Pokémon Champions,https://op.gg/pokemon-champions/pokedex/mega-blastoise,mega-blastoise,2026-07-18T17:06:37.536825+00:00,0.0.0-dev
15,Beedrill,Beedrill,True,65,90,40,45,80,75,395,,OP.GG Pokémon Champions,https://op.gg/pokemon-champions/pokedex/beedrill,beedrill,2026-07-18T17:06:37.536825+00:00,0.0.0-dev
,Beedrill,Mega Beedrill,True,65,150,40,15,80,145,495,,OP.GG Pokémon Champions,https://op.gg/pokemon-champions/pokedex/mega-beedrill,mega-beedrill,2026-07-18T17:06:37.536825+00:00,0.0.0-dev
18,Pidgeot,Pidgeot,True,83,80,75,70,70,101,479,,OP.GG Pokémon Champions,https://op.gg/pokemon-champions/pokedex/pidgeot,pidgeot,2026-07-18T17:06:37.536825+00:00,0.0.0-dev
,Pidgeot,Mega Pidgeot,True,83,80,80,135,80,121,579,,OP.GG Pokémon Champions,https://op.gg/pokemon-champions/pokedex/mega-pidgeot,mega-pidgeot,2026-07-18T17:06:37.536825+00:00,0.0.0-dev
24,Arbok,Arbok,True,60,95,69,65,79,80,448,,OP.GG Pokémon Champions,https://op.gg/pokemon-champions/pokedex/arbok,arbok,2026-07-18T17:06:37.536825+00:00,0.0.0-dev
25,Pikachu,Pikachu,True,35,55,40,50,50,90,320,,OP.GG Pokémon Champions,https://op.gg/pokemon-champions/pokedex/pikachu,pikachu,2026-07-18T17:06:37.536825+00:00,0.0.0-dev
26,Raichu,Raichu,True,60,90,55,90,80,110,485,,OP.GG Pokémon Champions,https://op.gg/pokemon-champions/pokedex/raichu,raichu,2026-07-18T17:06:37.536825+00:00,0.0.0-dev
,Alolan Raichu,Alolan Raichu,True,60,85,50,95,85,110,485,,OP.GG Pokémon Champions,https://op.gg/pokemon-champions/pokedex/raichu-alolan,raichu-alolan,2026-07-18T17:06:37.536825+00:00,0.0.0-dev
,Raichu,Mega Raichu X,True,60,135,95,90,95,110,585,,OP.GG Pokémon Champions,https://op.gg/pokemon-champions/pokedex/mega-raichu-x,mega-raichu-x,2026-07-18T17:06:37.536825+00:00,0.0.0-dev
,Raichu,Mega Raichu Y,True,60,100,55,160,80,130,585,,OP.GG Pokémon Champions,https://op.gg/pokemon-champions/pokedex/mega-raichu-y,mega-raichu-y,2026-07-18T17:06:37.536825+00:00,0.0.0-dev
36,Clefable,Clefable,True,95,70,73,95,90,60,483,,OP.GG Pokémon Champions,https://op.gg/pokemon-champions/pokedex/clefable,clefable,2026-07-18T17:06:37.536825+00:00,0.0.0-dev
,Clefable,Mega Clefable,True,95,80,93,135,110,70,583,,OP.GG Pokémon Champions,https://op.gg/pokemon-champions/pokedex/mega-clefable,mega-clefable,2026-07-18T17:06:37.536825+00:00,0.0.0-dev
38,Ninetales,Ninetales,True,73,76,75,81,100,100,505,,OP.GG Pokémon Champions,https://op.gg/pokemon-champions/pokedex/ninetales,ninetales,2026-07-18T17:06:37.536825+00:00,0.0.0-dev
,Alolan Ninetales,Alolan Ninetales,True,73,67,75,81,100,109,505,,OP.GG Pokémon Champions,https://op.gg/pokemon-champions/pokedex/ninetales-alolan,ninetales-alolan,2026-07-18T17:06:37.536825+00:00,0.0.0-dev
45,Vileplume,Vileplume,True,75,80,85,110,90,50,490,,OP.GG Pokémon Champions,https://op.gg/pokemon-champions/pokedex/vileplume,vileplume,2026-07-18T17:06:37.536825+00:00,0.0.0-dev
45,Vileplume (Female),Vileplume (Female),True,75,80,85,110,90,50,490,,OP.GG Pokémon Champions,https://op.gg/pokemon-champions/pokedex/vileplume-female,vileplume-female,2026-07-18T17:06:37.536825+00:00,0.0.0-dev
59,Arcanine,Arcanine,True,90,110,80,100,80,95,555,,OP.GG Pokémon Champions,https://op.gg/pokemon-champions/pokedex/arcanine,arcanine,2026-07-18T17:06:37.536825+00:00,0.0.0-dev
,Arcanine,Arcanine,True,95,115,80,95,80,90,555,,OP.GG Pokémon Champions,https://op.gg/pokemon-champions/pokedex/arcanine-hisui,arcanine-hisui,2026-07-18T17:06:37.536825+00:00,0.0.0-dev
65,Alakazam,Alakazam,True,55,50,45,135,95,120,500,,OP.GG Pokémon Champions,https://op.gg/pokemon-champions/pokedex/alakazam,alakazam,2026-07-18T17:06:37.536825+00:00,0.0.0-dev
,Alakazam,Mega Alakazam,True,55,50,65,175,105,150,600,,OP.GG Pokémon Champions,https://op.gg/pokemon-champions/pokedex/mega-alakazam,mega-alakazam,2026-07-18T17:06:37.536825+00:00,0.0.0-dev
68,Machamp,Machamp,True,90,130,80,65,85,55,505,,OP.GG Pokémon Champions,https://op.gg/pokemon-champions/pokedex/machamp,machamp,2026-07-18T17:06:37.536825+00:00,0.0.0-dev
71,Victreebel,Victreebel,True,80,105,65,100,70,70,490,,OP.GG Pokémon Champions,https://op.gg/pokemon-champions/pokedex/victreebel,victreebel,2026-07-18T17:06:37.536825+00:00,0.0.0-dev
,Victreebel,Mega Victreebel,True,80,125,85,135,95,70,590,,OP.GG Pokémon Champions,https://op.gg/pokemon-champions/pokedex/mega-victreebel,mega-victreebel,2026-07-18T17:06:37.536825+00:00,0.0.0-dev
80,Slowbro,Slowbro,True,95,75,110,100,80,30,490,,OP.GG Pokémon Champions,https://op.gg/pokemon-champions/pokedex/slowbro,slowbro,2026-07-18T17:06:37.536825+00:00,0.0.0-dev
,Galarian Slowbro,Galarian Slowbro,True,95,100,95,100,70,30,490,,OP.GG Pokémon Champions,https://op.gg/pokemon-champions/pokedex/slowbro-galarian,slowbro-galarian,2026-07-18T17:06:37.536825+00:00,0.0.0-dev
,Slowbro,Mega Slowbro,True,95,75,180,130,80,30,590,,OP.GG Pokémon Champions,https://op.gg/pokemon-champions/pokedex/mega-slowbro,mega-slowbro,2026-07-18T17:06:37.536825+00:00,0.0.0-dev
94,Gengar,Gengar,True,60,65,60,130,75,110,500,,OP.GG Pokémon Champions,https://op.gg/pokemon-champions/pokedex/gengar,gengar,2026-07-18T17:06:37.536825+00:00,0.0.0-dev
,Gengar,Mega Gengar,True,60,65,80,170,95,130,600,,OP.GG Pokémon Champions,https://op.gg/pokemon-champions/pokedex/mega-gengar,mega-gengar,2026-07-18T17:06:37.536825+00:00,0.0.0-dev
115,Kangaskhan,Kangaskhan,True,105,95,80,40,80,90,490,,OP.GG Pokémon Champions,https://op.gg/pokemon-champions/pokedex/kangaskhan,kangaskhan,2026-07-18T17:06:37.536825+00:00,0.0.0-dev
,Kangaskhan,Mega Kangaskhan,True,105,125,100,60,100,100,590,,OP.GG Pokémon Champions,https://op.gg/pokemon-champions/pokedex/mega-kangaskhan,mega-kangaskhan,2026-07-18T17:06:37.536825+00:00,0.0.0-dev
121,Starmie,Starmie,True,60,75,85,100,85,115,520,,OP.GG Pokémon Champions,https://op.gg/pokemon-champions/pokedex/starmie,starmie,2026-07-18T17:06:37.536825+00:00,0.0.0-dev
,Starmie,Mega Starmie,True,60,100,105,130,105,120,620,,OP.GG Pokémon Champions,https://op.gg/pokemon-champions/pokedex/mega-starmie,mega-starmie,2026-07-18T17:06:37.536825+00:00,0.0.0-dev
127,Pinsir,Pinsir,True,65,125,100,55,70,85,500,,OP.GG Pokémon Champions,https://op.gg/pokemon-champions/pokedex/pinsir,pinsir,2026-07-18T17:06:37.536825+00:00,0.0.0-dev
,Pinsir,Mega Pinsir,True,65,155,120,65,90,105,600,,OP.GG Pokémon Champions,https://op.gg/pokemon-champions/pokedex/mega-pinsir,mega-pinsir,2026-07-18T17:06:37.536825+00:00,0.0.0-dev
128,Tauros,Tauros,True,75,100,95,40,70,110,490,,OP.GG Pokémon Champions,https://op.gg/pokemon-champions/pokedex/tauros,tauros,2026-07-18T17:06:37.536825+00:00,0.0.0-dev
,Paldean Tauros (Combat Breed),Paldean Tauros (Combat Breed),True,75,110,105,30,70,100,490,,OP.GG Pokémon Champions,https://op.gg/pokemon-champions/pokedex/tauros-paldean-combat,tauros-paldean-combat,2026-07-18T17:06:37.536825+00:00,0.0.0-dev
,Paldean Tauros (Blaze Breed),Paldean Tauros (Blaze Breed),True,75,110,105,30,70,100,490,,OP.GG Pokémon Champions,https://op.gg/pokemon-champions/pokedex/tauros-paldean-blaze,tauros-paldean-blaze,2026-07-18T17:06:37.536825+00:00,0.0.0-dev
,Paldean Tauros (Aqua Breed),Paldean Tauros (Aqua Breed),True,75,110,105,30,70,100,490,,OP.GG Pokémon Champions,https://op.gg/pokemon-champions/pokedex/tauros-paldean-aqua,tauros-paldean-aqua,2026-07-18T17:06:37.536825+00:00,0.0.0-dev
130,Gyarados,Gyarados,True,95,125,79,60,100,81,540,,OP.GG Pokémon Champions,https://op.gg/pokemon-champions/pokedex/gyarados,gyarados,2026-07-18T17:06:37.536825+00:00,0.0.0-dev
,Gyarados,Mega Gyarados,True,95,155,109,70,130,81,640,,OP.GG Pokémon Champions,https://op.gg/pokemon-champions/pokedex/mega-gyarados,mega-gyarados,2026-07-18T17:06:37.536825+00:00,0.0.0-dev
132,Ditto,Ditto,True,48,48,48,48,48,48,288,,OP.GG Pokémon Champions,https://op.gg/pokemon-champions/pokedex/ditto,ditto,2026-07-18T17:06:37.536825+00:00,0.0.0-dev
134,Vaporeon,Vaporeon,True,130,65,60,110,95,65,525,,OP.GG Pokémon Champions,https://op.gg/pokemon-champions/pokedex/vaporeon,vaporeon,2026-07-18T17:06:37.536825+00:00,0.0.0-dev
135,Jolteon,Jolteon,True,65,65,60,110,95,130,525,,OP.GG Pokémon Champions,https://op.gg/pokemon-champions/pokedex/jolteon,jolteon,2026-07-18T17:06:37.536825+00:00,0.0.0-dev
136,Flareon,Flareon,True,65,130,60,95,110,65,525,,OP.GG Pokémon Champions,https://op.gg/pokemon-champions/pokedex/flareon,flareon,2026-07-18T17:06:37.536825+00:00,0.0.0-dev
142,Aerodactyl,Aerodactyl,True,80,105,65,60,75,130,515,,OP.GG Pokémon Champions,https://op.gg/pokemon-champions/pokedex/aerodactyl,aerodactyl,2026-07-18T17:06:37.536825+00:00,0.0.0-dev
,Aerodactyl,Mega Aerodactyl,True,80,135,85,70,95,150,615,,OP.GG Pokémon Champions,https://op.gg/pokemon-champions/pokedex/mega-aerodactyl,mega-aerodactyl,2026-07-18T17:06:37.536825+00:00,0.0.0-dev
143,Snorlax,Snorlax,True,160,110,65,65,110,30,540,,OP.GG Pokémon Champions,https://op.gg/pokemon-champions/pokedex/snorlax,snorlax,2026-07-18T17:06:37.536825+00:00,0.0.0-dev
149,Dragonite,Dragonite,True,91,134,95,100,100,80,600,,OP.GG Pokémon Champions,https://op.gg/pokemon-champions/pokedex/dragonite,dragonite,2026-07-18T17:06:37.536825+00:00,0.0.0-dev
,Dragonite,Mega Dragonite,True,91,124,115,145,125,100,700,,OP.GG Pokémon Champions,https://op.gg/pokemon-champions/pokedex/mega-dragonite,mega-dragonite,2026-07-18T17:06:37.536825+00:00,0.0.0-dev
154,Meganium,Meganium,True,80,82,100,83,100,80,525,,OP.GG Pokémon Champions,https://op.gg/pokemon-champions/pokedex/meganium,meganium,2026-07-18T17:06:37.536825+00:00,0.0.0-dev
,Meganium,Mega Meganium,True,80,92,115,143,115,80,625,,OP.GG Pokémon Champions,https://op.gg/pokemon-champions/pokedex/mega-meganium,mega-meganium,2026-07-18T17:06:37.536825+00:00,0.0.0-dev
157,Typhlosion,Typhlosion,True,78,84,78,109,85,100,534,,OP.GG Pokémon Champions,https://op.gg/pokemon-champions/pokedex/typhlosion,typhlosion,2026-07-18T17:06:37.536825+00:00,0.0.0-dev
,Typhlosion,Typhlosion,True,73,84,78,119,85,95,534,,OP.GG Pokémon Champions,https://op.gg/pokemon-champions/pokedex/typhlosion-hisui,typhlosion-hisui,2026-07-18T17:06:37.536825+00:00,0.0.0-dev
160,Feraligatr,Feraligatr,True,85,105,100,79,83,78,530,,OP.GG Pokémon Champions,https://op.gg/pokemon-champions/pokedex/feraligatr,feraligatr,2026-07-18T17:06:37.536825+00:00,0.0.0-dev
,Feraligatr,Mega Feraligatr,True,85,160,125,89,93,78,630,,OP.GG Pokémon Champions,https://op.gg/pokemon-champions/pokedex/mega-feraligatr,mega-feraligatr,2026-07-18T17:06:37.536825+00:00,0.0.0-dev
168,Ariados,Ariados,True,70,90,70,60,70,40,400,,OP.GG Pokémon Champions,https://op.gg/pokemon-champions/pokedex/ariados,ariados,2026-07-18T17:06:37.536825+00:00,0.0.0-dev
181,Ampharos,Ampharos,True,90,75,85,115,90,55,510,,OP.GG Pokémon Champions,https://op.gg/pokemon-champions/pokedex/ampharos,ampharos,2026-07-18T17:06:37.536825+00:00,0.0.0-dev
,Ampharos,Mega Ampharos,True,90,95,105,165,110,45,610,,OP.GG Pokémon Champions,https://op.gg/pokemon-champions/pokedex/mega-ampharos,mega-ampharos,2026-07-18T17:06:37.536825+00:00,0.0.0-dev
184,Azumarill,Azumarill,True,100,50,80,60,80,50,420,,OP.GG Pokémon Champions,https://op.gg/pokemon-champions/pokedex/azumarill,azumarill,2026-07-18T17:06:37.536825+00:00,0.0.0-dev
186,Politoed,Politoed,True,90,75,75,90,100,70,500,,OP.GG Pokémon Champions,https://op.gg/pokemon-champions/pokedex/politoed,politoed,2026-07-18T17:06:37.536825+00:00,0.0.0-dev
196,Espeon,Espeon,True,65,65,60,130,95,110,525,,OP.GG Pokémon Champions,https://op.gg/pokemon-champions/pokedex/espeon,espeon,2026-07-18T17:06:37.536825+00:00,0.0.0-dev
197,Umbreon,Umbreon,True,95,65,110,60,130,65,525,,OP.GG Pokémon Champions,https://op.gg/pokemon-champions/pokedex/umbreon,umbreon,2026-07-18T17:06:37.536825+00:00,0.0.0-dev
199,Slowking,Slowking,True,95,75,80,100,110,30,490,,OP.GG Pokémon Champions,https://op.gg/pokemon-champions/pokedex/slowking,slowking,2026-07-18T17:06:37.536825+00:00,0.0.0-dev
,Galarian Slowking,Galarian Slowking,True,95,65,80,110,110,30,490,,OP.GG Pokémon Champions,https://op.gg/pokemon-champions/pokedex/slowking-galarian,slowking-galarian,2026-07-18T17:06:37.536825+00:00,0.0.0-dev
205,Forretress,Forretress,True,75,90,140,60,60,40,465,,OP.GG Pokémon Champions,https://op.gg/pokemon-champions/pokedex/forretress,forretress,2026-07-18T17:06:37.536825+00:00,0.0.0-dev
208,Steelix,Steelix,True,75,85,200,55,65,30,510,,OP.GG Pokémon Champions,https://op.gg/pokemon-champions/pokedex/steelix,steelix,2026-07-18T17:06:37.536825+00:00,0.0.0-dev
,Steelix,Mega Steelix,True,75,125,230,55,95,30,610,,OP.GG Pokémon Champions,https://op.gg/pokemon-champions/pokedex/mega-steelix,mega-steelix,2026-07-18T17:06:37.536825+00:00,0.0.0-dev
211,Qwilfish,Qwilfish,True,65,95,85,55,55,85,440,,OP.GG Pokémon Champions,https://op.gg/pokemon-champions/pokedex/qwilfish,qwilfish,2026-07-18T17:06:37.536825+00:00,0.0.0-dev
212,Scizor,Scizor,True,70,130,100,55,80,65,500,,OP.GG Pokémon Champions,https://op.gg/pokemon-champions/pokedex/scizor,scizor,2026-07-18T17:06:37.536825+00:00,0.0.0-dev
,Scizor,Mega Scizor,True,70,150,140,65,100,75,600,,OP.GG Pokémon Champions,https://op.gg/pokemon-champions/pokedex/mega-scizor,mega-scizor,2026-07-18T17:06:37.536825+00:00,0.0.0-dev
214,Heracross,Heracross,True,80,125,75,40,95,85,500,,OP.GG Pokémon Champions,https://op.gg/pokemon-champions/pokedex/heracross,heracross,2026-07-18T17:06:37.536825+00:00,0.0.0-dev
,Heracross,Mega Heracross,True,80,185,115,40,105,75,600,,OP.GG Pokémon Champions,https://op.gg/pokemon-champions/pokedex/mega-heracross,mega-heracross,2026-07-18T17:06:37.536825+00:00,0.0.0-dev
227,Skarmory,Skarmory,True,65,80,140,40,70,70,465,,OP.GG Pokémon Champions,https://op.gg/pokemon-champions/pokedex/skarmory,skarmory,2026-07-18T17:06:37.536825+00:00,0.0.0-dev
,Skarmory,Mega Skarmory,True,65,140,110,40,100,110,565,,OP.GG Pokémon Champions,https://op.gg/pokemon-champions/pokedex/mega-skarmory,mega-skarmory,2026-07-18T17:06:37.536825+00:00,0.0.0-dev
229,Houndoom,Houndoom,True,75,90,50,110,80,95,500,,OP.GG Pokémon Champions,https://op.gg/pokemon-champions/pokedex/houndoom,houndoom,2026-07-18T17:06:37.536825+00:00,0.0.0-dev
,Houndoom,Mega Houndoom,True,75,90,90,140,90,115,600,,OP.GG Pokémon Champions,https://op.gg/pokemon-champions/pokedex/mega-houndoom,mega-houndoom,2026-07-18T17:06:37.536825+00:00,0.0.0-dev
248,Tyranitar,Tyranitar,True,100,134,110,95,100,61,600,,OP.GG Pokémon Champions,https://op.gg/pokemon-champions/pokedex/tyranitar,tyranitar,2026-07-18T17:06:37.536825+00:00,0.0.0-dev
,Tyranitar,Mega Tyranitar,True,100,164,150,95,120,71,700,,OP.GG Pokémon Champions,https://op.gg/pokemon-champions/pokedex/mega-tyranitar,mega-tyranitar,2026-07-18T17:06:37.536825+00:00,0.0.0-dev
254,Sceptile,Sceptile,True,70,85,65,105,85,120,530,,OP.GG Pokémon Champions,https://op.gg/pokemon-champions/pokedex/sceptile,sceptile,2026-07-18T17:06:37.536825+00:00,0.0.0-dev
,Sceptile,Mega Sceptile,True,70,110,75,145,85,145,630,,OP.GG Pokémon Champions,https://op.gg/pokemon-champions/pokedex/mega-sceptile,mega-sceptile,2026-07-18T17:06:37.536825+00:00,0.0.0-dev
257,Blaziken,Blaziken,True,80,120,70,110,70,80,530,,OP.GG Pokémon Champions,https://op.gg/pokemon-champions/pokedex/blaziken,blaziken,2026-07-18T17:06:37.536825+00:00,0.0.0-dev
257,Blaziken (Female),Blaziken (Female),True,80,120,70,110,70,80,530,,OP.GG Pokémon Champions,https://op.gg/pokemon-champions/pokedex/blaziken-female,blaziken-female,2026-07-18T17:06:37.536825+00:00,0.0.0-dev
,Blaziken,Mega Blaziken,True,80,160,80,130,80,100,630,,OP.GG Pokémon Champions,https://op.gg/pokemon-champions/pokedex/mega-blaziken,mega-blaziken,2026-07-18T17:06:37.536825+00:00,0.0.0-dev
260,Swampert,Swampert,True,100,110,90,85,90,60,535,,OP.GG Pokémon Champions,https://op.gg/pokemon-champions/pokedex/swampert,swampert,2026-07-18T17:06:37.536825+00:00,0.0.0-dev
,Swampert,Mega Swampert,True,100,150,110,95,110,70,635,,OP.GG Pokémon Champions,https://op.gg/pokemon-champions/pokedex/mega-swampert,mega-swampert,2026-07-18T17:06:37.536825+00:00,0.0.0-dev
279,Pelipper,Pelipper,True,60,50,100,95,70,65,440,,OP.GG Pokémon Champions,https://op.gg/pokemon-champions/pokedex/pelipper,pelipper,2026-07-18T17:06:37.536825+00:00,0.0.0-dev
282,Gardevoir,Gardevoir,True,68,65,65,125,115,80,518,,OP.GG Pokémon Champions,https://op.gg/pokemon-champions/pokedex/gardevoir,gardevoir,2026-07-18T17:06:37.536825+00:00,0.0.0-dev
,Gardevoir,Mega Gardevoir,True,68,85,65,165,135,100,618,,OP.GG Pokémon Champions,https://op.gg/pokemon-champions/pokedex/mega-gardevoir,mega-gardevoir,2026-07-18T17:06:37.536825+00:00,0.0.0-dev
302,Sableye,Sableye,True,50,75,75,65,65,50,380,,OP.GG Pokémon Champions,https://op.gg/pokemon-champions/pokedex/sableye,sableye,2026-07-18T17:06:37.536825+00:00,0.0.0-dev
,Sableye,Mega Sableye,True,50,85,125,85,115,20,480,,OP.GG Pokémon Champions,https://op.gg/pokemon-champions/pokedex/mega-sableye,mega-sableye,2026-07-18T17:06:37.536825+00:00,0.0.0-dev
303,Mawile,Mawile,True,50,85,85,55,55,50,380,,OP.GG Pokémon Champions,https://op.gg/pokemon-champions/pokedex/mawile,mawile,2026-07-18T17:06:37.536825+00:00,0.0.0-dev
,Mawile,Mega Mawile,True,50,105,125,55,95,50,480,,OP.GG Pokémon Champions,https://op.gg/pokemon-champions/pokedex/mega-mawile,mega-mawile,2026-07-18T17:06:37.536825+00:00,0.0.0-dev
306,Aggron,Aggron,True,70,110,180,60,60,50,530,,OP.GG Pokémon Champions,https://op.gg/pokemon-champions/pokedex/aggron,aggron,2026-07-18T17:06:37.536825+00:00,0.0.0-dev
,Aggron,Mega Aggron,True,70,140,230,60,80,50,630,,OP.GG Pokémon Champions,https://op.gg/pokemon-champions/pokedex/mega-aggron,mega-aggron,2026-07-18T17:06:37.536825+00:00,0.0.0-dev
308,Medicham,Medicham,True,60,60,75,60,75,80,410,,OP.GG Pokémon Champions,https://op.gg/pokemon-champions/pokedex/medicham,medicham,2026-07-18T17:06:37.536825+00:00,0.0.0-dev
,Medicham,Mega Medicham,True,60,100,85,80,85,100,510,,OP.GG Pokémon Champions,https://op.gg/pokemon-champions/pokedex/mega-medicham,mega-medicham,2026-07-18T17:06:37.536825+00:00,0.0.0-dev
310,Manectric,Manectric,True,70,75,60,105,60,105,475,,OP.GG Pokémon Champions,https://op.gg/pokemon-champions/pokedex/manectric,manectric,2026-07-18T17:06:37.536825+00:00,0.0.0-dev
,Manectric,Mega Manectric,True,70,75,80,135,80,135,575,,OP.GG Pokémon Champions,https://op.gg/pokemon-champions/pokedex/mega-manectric,mega-manectric,2026-07-18T17:06:37.536825+00:00,0.0.0-dev
319,Sharpedo,Sharpedo,True,70,120,40,95,40,95,460,,OP.GG Pokémon Champions,https://op.gg/pokemon-champions/pokedex/sharpedo,sharpedo,2026-07-18T17:06:37.536825+00:00,0.0.0-dev
,Sharpedo,Mega Sharpedo,True,70,140,70,110,65,105,560,,OP.GG Pokémon Champions,https://op.gg/pokemon-champions/pokedex/mega-sharpedo,mega-sharpedo,2026-07-18T17:06:37.536825+00:00,0.0.0-dev
323,Camerupt,Camerupt,True,70,100,70,105,75,40,460,,OP.GG Pokémon Champions,https://op.gg/pokemon-champions/pokedex/camerupt,camerupt,2026-07-18T17:06:37.536825+00:00,0.0.0-dev
,Camerupt,Mega Camerupt,True,70,120,100,145,105,20,560,,OP.GG Pokémon Champions,https://op.gg/pokemon-champions/pokedex/mega-camerupt,mega-camerupt,2026-07-18T17:06:37.536825+00:00,0.0.0-dev
324,Torkoal,Torkoal,True,70,85,140,85,70,20,470,,OP.GG Pokémon Champions,https://op.gg/pokemon-champions/pokedex/torkoal,torkoal,2026-07-18T17:06:37.536825+00:00,0.0.0-dev
334,Altaria,Altaria,True,75,70,90,70,105,80,490,,OP.GG Pokémon Champions,https://op.gg/pokemon-champions/pokedex/altaria,altaria,2026-07-18T17:06:37.536825+00:00,0.0.0-dev
,Altaria,Mega Altaria,True,75,110,110,110,105,80,590,,OP.GG Pokémon Champions,https://op.gg/pokemon-champions/pokedex/mega-altaria,mega-altaria,2026-07-18T17:06:37.536825+00:00,0.0.0-dev
350,Milotic,Milotic,True,95,60,79,100,125,81,540,,OP.GG Pokémon Champions,https://op.gg/pokemon-champions/pokedex/milotic,milotic,2026-07-18T17:06:37.536825+00:00,0.0.0-dev
351,Castform,Castform,True,70,70,70,70,70,70,420,,OP.GG Pokémon Champions,https://op.gg/pokemon-champions/pokedex/castform,castform,2026-07-18T17:06:37.536825+00:00,0.0.0-dev
354,Banette,Banette,True,64,115,65,83,63,65,455,,OP.GG Pokémon Champions,https://op.gg/pokemon-champions/pokedex/banette,banette,2026-07-18T17:06:37.536825+00:00,0.0.0-dev
,Banette,Mega Banette,True,64,165,75,93,83,75,555,,OP.GG Pokémon Champions,https://op.gg/pokemon-champions/pokedex/mega-banette,mega-banette,2026-07-18T17:06:37.536825+00:00,0.0.0-dev
358,Chimecho,Chimecho,True,75,50,80,95,90,65,455,,OP.GG Pokémon Champions,https://op.gg/pokemon-champions/pokedex/chimecho,chimecho,2026-07-18T17:06:37.536825+00:00,0.0.0-dev
,Chimecho,Mega Chimecho,True,75,50,110,135,120,65,555,,OP.GG Pokémon Champions,https://op.gg/pokemon-champions/pokedex/mega-chimecho,mega-chimecho,2026-07-18T17:06:37.536825+00:00,0.0.0-dev
359,Absol,Absol,True,65,130,60,75,60,75,465,,OP.GG Pokémon Champions,https://op.gg/pokemon-champions/pokedex/absol,absol,2026-07-18T17:06:37.536825+00:00,0.0.0-dev
,Absol,Mega Absol,True,65,150,60,115,60,115,565,,OP.GG Pokémon Champions,https://op.gg/pokemon-champions/pokedex/mega-absol,mega-absol,2026-07-18T17:06:37.536825+00:00,0.0.0-dev
362,Glalie,Glalie,True,80,80,80,80,80,80,480,,OP.GG Pokémon Champions,https://op.gg/pokemon-champions/pokedex/glalie,glalie,2026-07-18T17:06:37.536825+00:00,0.0.0-dev
,Glalie,Mega Glalie,True,80,120,80,120,80,100,580,,OP.GG Pokémon Champions,https://op.gg/pokemon-champions/pokedex/mega-glalie,mega-glalie,2026-07-18T17:06:37.536825+00:00,0.0.0-dev
376,Metagross,Metagross,True,80,135,130,95,90,70,600,,OP.GG Pokémon Champions,https://op.gg/pokemon-champions/pokedex/metagross,metagross,2026-07-18T17:06:37.536825+00:00,0.0.0-dev
,Metagross,Mega Metagross,True,80,145,150,105,110,110,700,,OP.GG Pokémon Champions,https://op.gg/pokemon-champions/pokedex/mega-metagross,mega-metagross,2026-07-18T17:06:37.536825+00:00,0.0.0-dev
389,Torterra,Torterra,True,95,109,105,75,85,56,525,,OP.GG Pokémon Champions,https://op.gg/pokemon-champions/pokedex/torterra,torterra,2026-07-18T17:06:37.536825+00:00,0.0.0-dev
392,Infernape,Infernape,True,76,104,71,104,71,108,534,,OP.GG Pokémon Champions,https://op.gg/pokemon-champions/pokedex/infernape,infernape,2026-07-18T17:06:37.536825+00:00,0.0.0-dev
395,Empoleon,Empoleon,True,84,86,88,111,101,60,530,,OP.GG Pokémon Champions,https://op.gg/pokemon-champions/pokedex/empoleon,empoleon,2026-07-18T17:06:37.536825+00:00,0.0.0-dev
398,Staraptor,Staraptor,True,85,120,70,50,60,100,485,,OP.GG Pokémon Champions,https://op.gg/pokemon-champions/pokedex/staraptor,staraptor,2026-07-18T17:06:37.536825+00:00,0.0.0-dev
398,Staraptor (Female),Staraptor (Female),True,85,120,70,50,60,100,485,,OP.GG Pokémon Champions,https://op.gg/pokemon-champions/pokedex/staraptor-female,staraptor-female,2026-07-18T17:06:37.536825+00:00,0.0.0-dev
,Staraptor,Mega Staraptor,True,85,140,100,60,90,110,585,,OP.GG Pokémon Champions,https://op.gg/pokemon-champions/pokedex/mega-staraptor,mega-staraptor,2026-07-18T17:06:37.536825+00:00,0.0.0-dev
405,Luxray,Luxray,True,80,120,79,95,79,70,523,,OP.GG Pokémon Champions,https://op.gg/pokemon-champions/pokedex/luxray,luxray,2026-07-18T17:06:37.536825+00:00,0.0.0-dev
407,Roserade,Roserade,True,60,70,65,125,105,90,515,,OP.GG Pokémon Champions,https://op.gg/pokemon-champions/pokedex/roserade,roserade,2026-07-18T17:06:37.536825+00:00,0.0.0-dev
409,Rampardos,Rampardos,True,97,165,60,65,50,58,495,,OP.GG Pokémon Champions,https://op.gg/pokemon-champions/pokedex/rampardos,rampardos,2026-07-18T17:06:37.536825+00:00,0.0.0-dev
411,Bastiodon,Bastiodon,True,60,52,168,47,138,30,495,,OP.GG Pokémon Champions,https://op.gg/pokemon-champions/pokedex/bastiodon,bastiodon,2026-07-18T17:06:37.536825+00:00,0.0.0-dev
428,Lopunny,Lopunny,True,65,76,84,54,96,105,480,,OP.GG Pokémon Champions,https://op.gg/pokemon-champions/pokedex/lopunny,lopunny,2026-07-18T17:06:37.536825+00:00,0.0.0-dev
,Lopunny,Mega Lopunny,True,65,136,94,54,96,135,580,,OP.GG Pokémon Champions,https://op.gg/pokemon-champions/pokedex/mega-lopunny,mega-lopunny,2026-07-18T17:06:37.536825+00:00,0.0.0-dev
442,Spiritomb,Spiritomb,True,50,92,108,92,108,35,485,,OP.GG Pokémon Champions,https://op.gg/pokemon-champions/pokedex/spiritomb,spiritomb,2026-07-18T17:06:37.536825+00:00,0.0.0-dev
445,Garchomp,Garchomp,True,108,130,95,80,85,102,600,,OP.GG Pokémon Champions,https://op.gg/pokemon-champions/pokedex/garchomp,garchomp,2026-07-18T17:06:37.536825+00:00,0.0.0-dev
,Garchomp,Mega Garchomp,True,108,170,115,120,95,92,700,,OP.GG Pokémon Champions,https://op.gg/pokemon-champions/pokedex/mega-garchomp,mega-garchomp,2026-07-18T17:06:37.536825+00:00,0.0.0-dev
448,Lucario,Lucario,True,70,110,70,115,70,90,525,,OP.GG Pokémon Champions,https://op.gg/pokemon-champions/pokedex/lucario,lucario,2026-07-18T17:06:37.536825+00:00,0.0.0-dev
,Lucario,Mega Lucario,True,70,145,88,140,70,112,625,,OP.GG Pokémon Champions,https://op.gg/pokemon-champions/pokedex/mega-lucario,mega-lucario,2026-07-18T17:06:37.536825+00:00,0.0.0-dev
450,Hippowdon,Hippowdon,True,108,112,118,68,72,47,525,,OP.GG Pokémon Champions,https://op.gg/pokemon-champions/pokedex/hippowdon,hippowdon,2026-07-18T17:06:37.536825+00:00,0.0.0-dev
454,Toxicroak,Toxicroak,True,83,106,65,86,65,85,490,,OP.GG Pokémon Champions,https://op.gg/pokemon-champions/pokedex/toxicroak,toxicroak,2026-07-18T17:06:37.536825+00:00,0.0.0-dev
460,Abomasnow,Abomasnow,True,90,92,75,92,85,60,494,,OP.GG Pokémon Champions,https://op.gg/pokemon-champions/pokedex/abomasnow,abomasnow,2026-07-18T17:06:37.536825+00:00,0.0.0-dev
,Abomasnow,Mega Abomasnow,True,90,132,105,132,105,30,594,,OP.GG Pokémon Champions,https://op.gg/pokemon-champions/pokedex/mega-abomasnow,mega-abomasnow,2026-07-18T17:06:37.536825+00:00,0.0.0-dev
461,Weavile,Weavile,True,70,120,65,45,85,125,510,,OP.GG Pokémon Champions,https://op.gg/pokemon-champions/pokedex/weavile,weavile,2026-07-18T17:06:37.536825+00:00,0.0.0-dev
464,Rhyperior,Rhyperior,True,115,140,130,55,55,40,535,,OP.GG Pokémon Champions,https://op.gg/pokemon-champions/pokedex/rhyperior,rhyperior,2026-07-18T17:06:37.536825+00:00,0.0.0-dev
470,Leafeon,Leafeon,True,65,110,130,60,65,95,525,,OP.GG Pokémon Champions,https://op.gg/pokemon-champions/pokedex/leafeon,leafeon,2026-07-18T17:06:37.536825+00:00,0.0.0-dev
471,Glaceon,Glaceon,True,65,60,110,130,95,65,525,,OP.GG Pokémon Champions,https://op.gg/pokemon-champions/pokedex/glaceon,glaceon,2026-07-18T17:06:37.536825+00:00,0.0.0-dev
472,Gliscor,Gliscor,True,75,95,125,45,75,95,510,,OP.GG Pokémon Champions,https://op.gg/pokemon-champions/pokedex/gliscor,gliscor,2026-07-18T17:06:37.536825+00:00,0.0.0-dev
473,Mamoswine,Mamoswine,True,110,130,80,70,60,80,530,,OP.GG Pokémon Champions,https://op.gg/pokemon-champions/pokedex/mamoswine,mamoswine,2026-07-18T17:06:37.536825+00:00,0.0.0-dev
475,Gallade,Gallade,True,68,125,65,65,115,80,518,,OP.GG Pokémon Champions,https://op.gg/pokemon-champions/pokedex/gallade,gallade,2026-07-18T17:06:37.536825+00:00,0.0.0-dev
,Gallade,Mega Gallade,True,68,165,95,65,115,110,618,,OP.GG Pokémon Champions,https://op.gg/pokemon-champions/pokedex/mega-gallade,mega-gallade,2026-07-18T17:06:37.536825+00:00,0.0.0-dev
478,Froslass,Froslass,True,70,80,70,80,70,110,480,,OP.GG Pokémon Champions,https://op.gg/pokemon-champions/pokedex/froslass,froslass,2026-07-18T17:06:37.536825+00:00,0.0.0-dev
,Froslass,Mega Froslass,True,70,80,70,140,100,120,580,,OP.GG Pokémon Champions,https://op.gg/pokemon-champions/pokedex/mega-froslass,mega-froslass,2026-07-18T17:06:37.536825+00:00,0.0.0-dev
479,Rotom,Rotom,True,50,50,77,95,77,91,440,,OP.GG Pokémon Champions,https://op.gg/pokemon-champions/pokedex/rotom,rotom,2026-07-18T17:06:37.536825+00:00,0.0.0-dev
,Heat Rotom,Heat Rotom,True,50,65,107,105,107,86,520,,OP.GG Pokémon Champions,https://op.gg/pokemon-champions/pokedex/rotom-heat,rotom-heat,2026-07-18T17:06:37.536825+00:00,0.0.0-dev
,Wash Rotom,Wash Rotom,True,50,65,107,105,107,86,520,,OP.GG Pokémon Champions,https://op.gg/pokemon-champions/pokedex/rotom-wash,rotom-wash,2026-07-18T17:06:37.536825+00:00,0.0.0-dev
,Frost Rotom,Frost Rotom,True,50,65,107,105,107,86,520,,OP.GG Pokémon Champions,https://op.gg/pokemon-champions/pokedex/rotom-frost,rotom-frost,2026-07-18T17:06:37.536825+00:00,0.0.0-dev
,Fan Rotom,Fan Rotom,True,50,65,107,105,107,86,520,,OP.GG Pokémon Champions,https://op.gg/pokemon-champions/pokedex/rotom-fan,rotom-fan,2026-07-18T17:06:37.536825+00:00,0.0.0-dev
,Mow Rotom,Mow Rotom,True,50,65,107,105,107,86,520,,OP.GG Pokémon Champions,https://op.gg/pokemon-champions/pokedex/rotom-mow,rotom-mow,2026-07-18T17:06:37.536825+00:00,0.0.0-dev
497,Serperior,Serperior,True,75,75,95,75,95,113,528,,OP.GG Pokémon Champions,https://op.gg/pokemon-champions/pokedex/serperior,serperior,2026-07-18T17:06:37.536825+00:00,0.0.0-dev
500,Emboar,Emboar,True,110,123,65,100,65,65,528,,OP.GG Pokémon Champions,https://op.gg/pokemon-champions/pokedex/emboar,emboar,2026-07-18T17:06:37.536825+00:00,0.0.0-dev
,Emboar,Mega Emboar,True,110,148,75,110,110,75,628,,OP.GG Pokémon Champions,https://op.gg/pokemon-champions/pokedex/mega-emboar,mega-emboar,2026-07-18T17:06:37.536825+00:00,0.0.0-dev
503,Samurott,Samurott,True,95,100,85,108,70,70,528,,OP.GG Pokémon Champions,https://op.gg/pokemon-champions/pokedex/samurott,samurott,2026-07-18T17:06:37.536825+00:00,0.0.0-dev
,Samurott,Samurott,True,90,108,80,100,65,85,528,,OP.GG Pokémon Champions,https://op.gg/pokemon-champions/pokedex/samurott-hisui,samurott-hisui,2026-07-18T17:06:37.536825+00:00,0.0.0-dev
505,Watchog,Watchog,True,60,85,69,60,69,77,420,,OP.GG Pokémon Champions,https://op.gg/pokemon-champions/pokedex/watchog,watchog,2026-07-18T17:06:37.536825+00:00,0.0.0-dev
510,Liepard,Liepard,True,64,88,50,88,50,106,446,,OP.GG Pokémon Champions,https://op.gg/pokemon-champions/pokedex/liepard,liepard,2026-07-18T17:06:37.536825+00:00,0.0.0-dev
512,Simisage,Simisage,True,75,98,63,98,63,101,498,,OP.GG Pokémon Champions,https://op.gg/pokemon-champions/pokedex/simisage,simisage,2026-07-18T17:06:37.536825+00:00,0.0.0-dev
514,Simisear,Simisear,True,75,98,63,98,63,101,498,,OP.GG Pokémon Champions,https://op.gg/pokemon-champions/pokedex/simisear,simisear,2026-07-18T17:06:37.536825+00:00,0.0.0-dev
516,Simipour,Simipour,True,75,98,63,98,63,101,498,,OP.GG Pokémon Champions,https://op.gg/pokemon-champions/pokedex/simipour,simipour,2026-07-18T17:06:37.536825+00:00,0.0.0-dev
518,Musharna,Musharna,True,116,55,85,107,95,29,487,,OP.GG Pokémon Champions,https://op.gg/pokemon-champions/pokedex/musharna,musharna,2026-07-18T17:06:37.536825+00:00,0.0.0-dev
530,Excadrill,Excadrill,True,110,135,60,50,65,88,508,,OP.GG Pokémon Champions,https://op.gg/pokemon-champions/pokedex/excadrill,excadrill,2026-07-18T17:06:37.536825+00:00,0.0.0-dev
,Excadrill,Mega Excadrill,True,110,165,100,65,65,103,608,,OP.GG Pokémon Champions,https://op.gg/pokemon-champions/pokedex/mega-excadrill,mega-excadrill,2026-07-18T17:06:37.536825+00:00,0.0.0-dev
531,Audino,Audino,True,103,60,86,60,86,50,445,,OP.GG Pokémon Champions,https://op.gg/pokemon-champions/pokedex/audino,audino,2026-07-18T17:06:37.536825+00:00,0.0.0-dev
,Audino,Mega Audino,True,103,60,126,80,126,50,545,,OP.GG Pokémon Champions,https://op.gg/pokemon-champions/pokedex/mega-audino,mega-audino,2026-07-18T17:06:37.536825+00:00,0.0.0-dev
534,Conkeldurr,Conkeldurr,True,105,140,95,55,65,45,505,,OP.GG Pokémon Champions,https://op.gg/pokemon-champions/pokedex/conkeldurr,conkeldurr,2026-07-18T17:06:37.536825+00:00,0.0.0-dev
545,Scolipede,Scolipede,True,60,100,89,55,69,112,485,,OP.GG Pokémon Champions,https://op.gg/pokemon-champions/pokedex/scolipede,scolipede,2026-07-18T17:06:37.536825+00:00,0.0.0-dev
,Scolipede,Mega Scolipede,True,60,140,149,75,99,62,585,,OP.GG Pokémon Champions,https://op.gg/pokemon-champions/pokedex/mega-scolipede,mega-scolipede,2026-07-18T17:06:37.536825+00:00,0.0.0-dev
547,Whimsicott,Whimsicott,True,60,67,85,77,75,116,480,,OP.GG Pokémon Champions,https://op.gg/pokemon-champions/pokedex/whimsicott,whimsicott,2026-07-18T17:06:37.536825+00:00,0.0.0-dev
553,Krookodile,Krookodile,True,95,117,80,65,70,92,519,,OP.GG Pokémon Champions,https://op.gg/pokemon-champions/pokedex/krookodile,krookodile,2026-07-18T17:06:37.536825+00:00,0.0.0-dev
560,Scrafty,Scrafty,True,65,90,115,45,115,58,488,,OP.GG Pokémon Champions,https://op.gg/pokemon-champions/pokedex/scrafty,scrafty,2026-07-18T17:06:37.536825+00:00,0.0.0-dev
,Scrafty,Mega Scrafty,True,65,130,135,55,135,68,588,,OP.GG Pokémon Champions,https://op.gg/pokemon-champions/pokedex/mega-scrafty,mega-scrafty,2026-07-18T17:06:37.536825+00:00,0.0.0-dev
563,Cofagrigus,Cofagrigus,True,58,50,145,95,105,30,483,,OP.GG Pokémon Champions,https://op.gg/pokemon-champions/pokedex/cofagrigus,cofagrigus,2026-07-18T17:06:37.536825+00:00,0.0.0-dev
569,Garbodor,Garbodor,True,80,95,82,60,82,75,474,,OP.GG Pokémon Champions,https://op.gg/pokemon-champions/pokedex/garbodor,garbodor,2026-07-18T17:06:37.536825+00:00,0.0.0-dev
571,Zoroark,Zoroark,True,60,105,60,120,60,105,510,,OP.GG Pokémon Champions,https://op.gg/pokemon-champions/pokedex/zoroark,zoroark,2026-07-18T17:06:37.536825+00:00,0.0.0-dev
,Zoroark,Zoroark,True,55,100,60,125,60,110,510,,OP.GG Pokémon Champions,https://op.gg/pokemon-champions/pokedex/zoroark-hisui,zoroark-hisui,2026-07-18T17:06:37.536825+00:00,0.0.0-dev
579,Reuniclus,Reuniclus,True,110,65,75,125,85,30,490,,OP.GG Pokémon Champions,https://op.gg/pokemon-champions/pokedex/reuniclus,reuniclus,2026-07-18T17:06:37.536825+00:00,0.0.0-dev
584,Vanilluxe,Vanilluxe,True,71,95,85,110,95,79,535,,OP.GG Pokémon Champions,https://op.gg/pokemon-champions/pokedex/vanilluxe,vanilluxe,2026-07-18T17:06:37.536825+00:00,0.0.0-dev
587,Emolga,Emolga,True,55,75,60,75,60,103,428,,OP.GG Pokémon Champions,https://op.gg/pokemon-champions/pokedex/emolga,emolga,2026-07-18T17:06:37.536825+00:00,0.0.0-dev
604,Eelektross,Eelektross,True,85,115,80,105,80,50,515,,OP.GG Pokémon Champions,https://op.gg/pokemon-champions/pokedex/eelektross,eelektross,2026-07-18T17:06:37.536825+00:00,0.0.0-dev
,Eelektross,Mega Eelektross,True,85,145,80,135,90,80,615,,OP.GG Pokémon Champions,https://op.gg/pokemon-champions/pokedex/mega-eelektross,mega-eelektross,2026-07-18T17:06:37.536825+00:00,0.0.0-dev
609,Chandelure,Chandelure,True,60,55,90,145,90,80,520,,OP.GG Pokémon Champions,https://op.gg/pokemon-champions/pokedex/chandelure,chandelure,2026-07-18T17:06:37.536825+00:00,0.0.0-dev
,Chandelure,Mega Chandelure,True,60,75,110,175,110,90,620,,OP.GG Pokémon Champions,https://op.gg/pokemon-champions/pokedex/mega-chandelure,mega-chandelure,2026-07-18T17:06:37.536825+00:00,0.0.0-dev
614,Beartic,Beartic,True,95,130,80,70,80,50,505,,OP.GG Pokémon Champions,https://op.gg/pokemon-champions/pokedex/beartic,beartic,2026-07-18T17:06:37.536825+00:00,0.0.0-dev
618,Stunfisk,Stunfisk,True,109,66,84,81,99,32,471,,OP.GG Pokémon Champions,https://op.gg/pokemon-champions/pokedex/stunfisk,stunfisk,2026-07-18T17:06:37.536825+00:00,0.0.0-dev
,Galarian Stunfisk,Galarian Stunfisk,True,109,81,99,66,84,32,471,,OP.GG Pokémon Champions,https://op.gg/pokemon-champions/pokedex/stunfisk-galarian,stunfisk-galarian,2026-07-18T17:06:37.536825+00:00,0.0.0-dev
623,Golurk,Golurk,True,89,124,80,55,80,55,483,,OP.GG Pokémon Champions,https://op.gg/pokemon-champions/pokedex/golurk,golurk,2026-07-18T17:06:37.536825+00:00,0.0.0-dev
,Golurk,Mega Golurk,True,89,159,105,70,105,55,583,,OP.GG Pokémon Champions,https://op.gg/pokemon-champions/pokedex/mega-golurk,mega-golurk,2026-07-18T17:06:37.536825+00:00,0.0.0-dev
635,Hydreigon,Hydreigon,True,92,105,90,125,90,98,600,,OP.GG Pokémon Champions,https://op.gg/pokemon-champions/pokedex/hydreigon,hydreigon,2026-07-18T17:06:37.536825+00:00,0.0.0-dev
637,Volcarona,Volcarona,True,85,60,65,135,105,100,550,,OP.GG Pokémon Champions,https://op.gg/pokemon-champions/pokedex/volcarona,volcarona,2026-07-18T17:06:37.536825+00:00,0.0.0-dev
652,Chesnaught,Chesnaught,True,88,107,122,74,75,64,530,,OP.GG Pokémon Champions,https://op.gg/pokemon-champions/pokedex/chesnaught,chesnaught,2026-07-18T17:06:37.536825+00:00,0.0.0-dev
,Chesnaught,Mega Chesnaught,True,88,137,172,74,115,44,630,,OP.GG Pokémon Champions,https://op.gg/pokemon-champions/pokedex/mega-chesnaught,mega-chesnaught,2026-07-18T17:06:37.536825+00:00,0.0.0-dev
655,Delphox,Delphox,True,75,69,72,114,100,104,534,,OP.GG Pokémon Champions,https://op.gg/pokemon-champions/pokedex/delphox,delphox,2026-07-18T17:06:37.536825+00:00,0.0.0-dev
,Delphox,Mega Delphox,True,75,69,72,159,125,134,634,,OP.GG Pokémon Champions,https://op.gg/pokemon-champions/pokedex/mega-delphox,mega-delphox,2026-07-18T17:06:37.536825+00:00,0.0.0-dev
658,Greninja,Greninja,True,72,95,67,103,71,122,530,,OP.GG Pokémon Champions,https://op.gg/pokemon-champions/pokedex/greninja,greninja,2026-07-18T17:06:37.536825+00:00,0.0.0-dev
,Greninja,Mega Greninja,True,72,125,77,133,81,142,630,,OP.GG Pokémon Champions,https://op.gg/pokemon-champions/pokedex/mega-greninja,mega-greninja,2026-07-18T17:06:37.536825+00:00,0.0.0-dev
660,Diggersby,Diggersby,True,85,56,77,50,77,78,423,,OP.GG Pokémon Champions,https://op.gg/pokemon-champions/pokedex/diggersby,diggersby,2026-07-18T17:06:37.536825+00:00,0.0.0-dev
663,Talonflame,Talonflame,True,78,81,71,74,69,126,499,,OP.GG Pokémon Champions,https://op.gg/pokemon-champions/pokedex/talonflame,talonflame,2026-07-18T17:06:37.536825+00:00,0.0.0-dev
666,Vivillon,Vivillon,True,80,52,50,90,50,89,411,,OP.GG Pokémon Champions,https://op.gg/pokemon-champions/pokedex/vivillon,vivillon,2026-07-18T17:06:37.536825+00:00,0.0.0-dev
668,Pyroar,Pyroar,True,86,68,72,109,66,106,507,,OP.GG Pokémon Champions,https://op.gg/pokemon-champions/pokedex/pyroar,pyroar,2026-07-18T17:06:37.536825+00:00,0.0.0-dev
668,Pyroar (Female),Pyroar (Female),True,86,68,72,109,66,106,507,,OP.GG Pokémon Champions,https://op.gg/pokemon-champions/pokedex/pyroar-female,pyroar-female,2026-07-18T17:06:37.536825+00:00,0.0.0-dev
,Pyroar,Mega Pyroar,True,86,88,92,129,86,126,607,,OP.GG Pokémon Champions,https://op.gg/pokemon-champions/pokedex/mega-pyroar,mega-pyroar,2026-07-18T17:06:37.536825+00:00,0.0.0-dev
670,Floette,Floette,True,74,65,67,125,128,92,551,,OP.GG Pokémon Champions,https://op.gg/pokemon-champions/pokedex/floette-eternal-flower,floette-eternal-flower,2026-07-18T17:06:37.536825+00:00,0.0.0-dev
,Floette,Mega Floette,True,74,85,87,155,148,102,651,,OP.GG Pokémon Champions,https://op.gg/pokemon-champions/pokedex/mega-floette,mega-floette,2026-07-18T17:06:37.536825+00:00,0.0.0-dev
671,Florges,Florges,True,78,65,68,112,154,75,552,,OP.GG Pokémon Champions,https://op.gg/pokemon-champions/pokedex/florges,florges,2026-07-18T17:06:37.536825+00:00,0.0.0-dev
675,Pangoro,Pangoro,True,95,124,78,69,71,58,495,,OP.GG Pokémon Champions,https://op.gg/pokemon-champions/pokedex/pangoro,pangoro,2026-07-18T17:06:37.536825+00:00,0.0.0-dev
676,Furfrou,Furfrou,True,75,80,60,65,90,102,472,,OP.GG Pokémon Champions,https://op.gg/pokemon-champions/pokedex/furfrou,furfrou,2026-07-18T17:06:37.536825+00:00,0.0.0-dev
678,Meowstic (Male),Meowstic (Male),True,74,48,76,83,81,104,466,,OP.GG Pokémon Champions,https://op.gg/pokemon-champions/pokedex/meowstic-male,meowstic-male,2026-07-18T17:06:37.536825+00:00,0.0.0-dev
,Meowstic (Female),Meowstic (Female),True,74,48,76,83,81,104,466,,OP.GG Pokémon Champions,https://op.gg/pokemon-champions/pokedex/meowstic-female,meowstic-female,2026-07-18T17:06:37.536825+00:00,0.0.0-dev
,Meowstic Male,Mega Meowstic,True,74,48,76,143,101,124,566,,OP.GG Pokémon Champions,https://op.gg/pokemon-champions/pokedex/mega-meowstic,mega-meowstic,2026-07-18T17:06:37.536825+00:00,0.0.0-dev
681,Aegislash (Shield Forme),Aegislash (Shield Forme),True,60,50,140,50,140,60,500,,OP.GG Pokémon Champions,https://op.gg/pokemon-champions/pokedex/aegislash,aegislash,2026-07-18T17:06:37.536825+00:00,0.0.0-dev
,Aegislash (Blade Forme),Aegislash (Blade Forme),True,60,140,50,140,50,60,500,,OP.GG Pokémon Champions,https://op.gg/pokemon-champions/pokedex/aegislash-blade,aegislash-blade,2026-07-18T17:06:37.536825+00:00,0.0.0-dev
683,Aromatisse,Aromatisse,True,101,72,72,99,89,29,462,,OP.GG Pokémon Champions,https://op.gg/pokemon-champions/pokedex/aromatisse,aromatisse,2026-07-18T17:06:37.536825+00:00,0.0.0-dev
685,Slurpuff,Slurpuff,True,82,80,86,85,75,72,480,,OP.GG Pokémon Champions,https://op.gg/pokemon-champions/pokedex/slurpuff,slurpuff,2026-07-18T17:06:37.536825+00:00,0.0.0-dev
687,Malamar,Malamar,True,86,92,88,68,75,73,482,,OP.GG Pokémon Champions,https://op.gg/pokemon-champions/pokedex/malamar,malamar,2026-07-18T17:06:37.536825+00:00,0.0.0-dev
,Malamar,Mega Malamar,True,86,102,88,98,120,88,582,,OP.GG Pokémon Champions,https://op.gg/pokemon-champions/pokedex/mega-malamar,mega-malamar,2026-07-18T17:06:37.536825+00:00,0.0.0-dev
689,Barbaracle,Barbaracle,True,72,105,115,54,86,68,500,,OP.GG Pokémon Champions,https://op.gg/pokemon-champions/pokedex/barbaracle,barbaracle,2026-07-18T17:06:37.536825+00:00,0.0.0-dev
,Barbaracle,Mega Barbaracle,True,72,140,130,64,106,88,600,,OP.GG Pokémon Champions,https://op.gg/pokemon-champions/pokedex/mega-barbaracle,mega-barbaracle,2026-07-18T17:06:37.536825+00:00,0.0.0-dev
691,Dragalge,Dragalge,True,65,75,90,97,123,44,494,,OP.GG Pokémon Champions,https://op.gg/pokemon-champions/pokedex/dragalge,dragalge,2026-07-18T17:06:37.536825+00:00,0.0.0-dev
,Dragalge,Mega Dragalge,True,65,85,105,132,163,44,594,,OP.GG Pokémon Champions,https://op.gg/pokemon-champions/pokedex/mega-dragalge,mega-dragalge,2026-07-18T17:06:37.536825+00:00,0.0.0-dev
693,Clawitzer,Clawitzer,True,71,73,88,120,89,59,500,,OP.GG Pokémon Champions,https://op.gg/pokemon-champions/pokedex/clawitzer,clawitzer,2026-07-18T17:06:37.536825+00:00,0.0.0-dev
695,Heliolisk,Heliolisk,True,62,55,52,109,94,109,481,,OP.GG Pokémon Champions,https://op.gg/pokemon-champions/pokedex/heliolisk,heliolisk,2026-07-18T17:06:37.536825+00:00,0.0.0-dev
697,Tyrantrum,Tyrantrum,True,82,121,119,69,59,71,521,,OP.GG Pokémon Champions,https://op.gg/pokemon-champions/pokedex/tyrantrum,tyrantrum,2026-07-18T17:06:37.536825+00:00,0.0.0-dev
699,Aurorus,Aurorus,True,123,77,72,99,92,58,521,,OP.GG Pokémon Champions,https://op.gg/pokemon-champions/pokedex/aurorus,aurorus,2026-07-18T17:06:37.536825+00:00,0.0.0-dev
700,Sylveon,Sylveon,True,95,65,65,110,130,60,525,,OP.GG Pokémon Champions,https://op.gg/pokemon-champions/pokedex/sylveon,sylveon,2026-07-18T17:06:37.536825+00:00,0.0.0-dev
701,Hawlucha,Hawlucha,True,78,92,75,74,63,118,500,,OP.GG Pokémon Champions,https://op.gg/pokemon-champions/pokedex/hawlucha,hawlucha,2026-07-18T17:06:37.536825+00:00,0.0.0-dev
,Hawlucha,Mega Hawlucha,True,78,137,100,74,93,118,600,,OP.GG Pokémon Champions,https://op.gg/pokemon-champions/pokedex/mega-hawlucha,mega-hawlucha,2026-07-18T17:06:37.536825+00:00,0.0.0-dev
702,Dedenne,Dedenne,True,67,58,57,81,67,101,431,,OP.GG Pokémon Champions,https://op.gg/pokemon-champions/pokedex/dedenne,dedenne,2026-07-18T17:06:37.536825+00:00,0.0.0-dev
706,Goodra,Goodra,True,90,100,70,110,150,80,600,,OP.GG Pokémon Champions,https://op.gg/pokemon-champions/pokedex/goodra,goodra,2026-07-18T17:06:37.536825+00:00,0.0.0-dev
,Goodra,Goodra,True,80,100,100,110,150,60,600,,OP.GG Pokémon Champions,https://op.gg/pokemon-champions/pokedex/goodra-hisui,goodra-hisui,2026-07-18T17:06:37.536825+00:00,0.0.0-dev
707,Klefki,Klefki,True,57,80,91,80,87,75,470,,OP.GG Pokémon Champions,https://op.gg/pokemon-champions/pokedex/klefki,klefki,2026-07-18T17:06:37.536825+00:00,0.0.0-dev
709,Trevenant,Trevenant,True,85,110,76,65,82,56,474,,OP.GG Pokémon Champions,https://op.gg/pokemon-champions/pokedex/trevenant,trevenant,2026-07-18T17:06:37.536825+00:00,0.0.0-dev
,Gourgeist (Small Size),Gourgeist (Small Size),True,55,85,122,58,75,99,494,,OP.GG Pokémon Champions,https://op.gg/pokemon-champions/pokedex/gourgeist-small,gourgeist-small,2026-07-18T17:06:37.536825+00:00,0.0.0-dev
711,Gourgeist (Average Size),Gourgeist (Average Size),True,65,90,122,58,75,84,494,,OP.GG Pokémon Champions,https://op.gg/pokemon-champions/pokedex/gourgeist-average,gourgeist-average,2026-07-18T17:06:37.536825+00:00,0.0.0-dev
,Gourgeist (Large Size),Gourgeist (Large Size),True,75,95,122,58,75,69,494,,OP.GG Pokémon Champions,https://op.gg/pokemon-champions/pokedex/gourgeist-large,gourgeist-large,2026-07-18T17:06:37.536825+00:00,0.0.0-dev
,Gourgeist (Super Size),Gourgeist (Super Size),True,85,100,122,58,75,54,494,,OP.GG Pokémon Champions,https://op.gg/pokemon-champions/pokedex/gourgeist-super,gourgeist-super,2026-07-18T17:06:37.536825+00:00,0.0.0-dev
713,Avalugg,Avalugg,True,95,117,184,44,46,28,514,,OP.GG Pokémon Champions,https://op.gg/pokemon-champions/pokedex/avalugg,avalugg,2026-07-18T17:06:37.536825+00:00,0.0.0-dev
,Avalugg,Avalugg,True,95,127,184,34,36,38,514,,OP.GG Pokémon Champions,https://op.gg/pokemon-champions/pokedex/avalugg-hisui,avalugg-hisui,2026-07-18T17:06:37.536825+00:00,0.0.0-dev
715,Noivern,Noivern,True,85,70,80,97,80,123,535,,OP.GG Pokémon Champions,https://op.gg/pokemon-champions/pokedex/noivern,noivern,2026-07-18T17:06:37.536825+00:00,0.0.0-dev
724,Decidueye,Decidueye,True,78,107,75,100,100,70,530,,OP.GG Pokémon Champions,https://op.gg/pokemon-champions/pokedex/decidueye,decidueye,2026-07-18T17:06:37.536825+00:00,0.0.0-dev
,Decidueye,Decidueye,True,88,112,80,95,95,60,530,,OP.GG Pokémon Champions,https://op.gg/pokemon-champions/pokedex/decidueye-hisui,decidueye-hisui,2026-07-18T17:06:37.536825+00:00,0.0.0-dev
727,Incineroar,Incineroar,True,95,115,90,80,90,60,530,,OP.GG Pokémon Champions,https://op.gg/pokemon-champions/pokedex/incineroar,incineroar,2026-07-18T17:06:37.536825+00:00,0.0.0-dev
730,Primarina,Primarina,True,80,74,74,126,116,60,530,,OP.GG Pokémon Champions,https://op.gg/pokemon-champions/pokedex/primarina,primarina,2026-07-18T17:06:37.536825+00:00,0.0.0-dev
733,Toucannon,Toucannon,True,80,120,75,75,75,60,485,,OP.GG Pokémon Champions,https://op.gg/pokemon-champions/pokedex/toucannon,toucannon,2026-07-18T17:06:37.536825+00:00,0.0.0-dev
740,Crabominable,Crabominable,True,97,132,77,62,67,43,478,,OP.GG Pokémon Champions,https://op.gg/pokemon-champions/pokedex/crabominable,crabominable,2026-07-18T17:06:37.536825+00:00,0.0.0-dev
,Crabominable,Mega Crabominable,True,97,157,122,62,107,33,578,,OP.GG Pokémon Champions,https://op.gg/pokemon-champions/pokedex/mega-crabominable,mega-crabominable,2026-07-18T17:06:37.536825+00:00,0.0.0-dev
745,Lycanroc,Lycanroc,True,75,115,65,55,65,112,487,,OP.GG Pokémon Champions,https://op.gg/pokemon-champions/pokedex/lycanroc,lycanroc,2026-07-18T17:06:37.536825+00:00,0.0.0-dev
,Lycanroc (Midnight Form),Lycanroc (Midnight Form),True,85,115,75,55,75,82,487,,OP.GG Pokémon Champions,https://op.gg/pokemon-champions/pokedex/lycanroc-midnight,lycanroc-midnight,2026-07-18T17:06:37.536825+00:00,0.0.0-dev
,Lycanroc (Dusk Form),Lycanroc (Dusk Form),True,75,117,65,55,65,110,487,,OP.GG Pokémon Champions,https://op.gg/pokemon-champions/pokedex/lycanroc-dusk,lycanroc-dusk,2026-07-18T17:06:37.536825+00:00,0.0.0-dev
748,Toxapex,Toxapex,True,50,63,152,53,142,35,495,,OP.GG Pokémon Champions,https://op.gg/pokemon-champions/pokedex/toxapex,toxapex,2026-07-18T17:06:37.536825+00:00,0.0.0-dev
750,Mudsdale,Mudsdale,True,100,125,100,55,85,35,500,,OP.GG Pokémon Champions,https://op.gg/pokemon-champions/pokedex/mudsdale,mudsdale,2026-07-18T17:06:37.536825+00:00,0.0.0-dev
752,Araquanid,Araquanid,True,68,70,92,50,132,42,454,,OP.GG Pokémon Champions,https://op.gg/pokemon-champions/pokedex/araquanid,araquanid,2026-07-18T17:06:37.536825+00:00,0.0.0-dev
758,Salazzle,Salazzle,True,68,64,60,111,60,117,480,,OP.GG Pokémon Champions,https://op.gg/pokemon-champions/pokedex/salazzle,salazzle,2026-07-18T17:06:37.536825+00:00,0.0.0-dev
763,Tsareena,Tsareena,True,72,120,98,50,98,72,510,,OP.GG Pokémon Champions,https://op.gg/pokemon-champions/pokedex/tsareena,tsareena,2026-07-18T17:06:37.536825+00:00,0.0.0-dev
765,Oranguru,Oranguru,True,90,60,80,90,110,60,490,,OP.GG Pokémon Champions,https://op.gg/pokemon-champions/pokedex/oranguru,oranguru,2026-07-18T17:06:37.536825+00:00,0.0.0-dev
766,Passimian,Passimian,True,100,120,90,40,60,80,490,,OP.GG Pokémon Champions,https://op.gg/pokemon-champions/pokedex/passimian,passimian,2026-07-18T17:06:37.536825+00:00,0.0.0-dev
778,Mimikyu,Mimikyu,True,55,90,80,50,105,96,476,,OP.GG Pokémon Champions,https://op.gg/pokemon-champions/pokedex/mimikyu,mimikyu,2026-07-18T17:06:37.536825+00:00,0.0.0-dev
780,Drampa,Drampa,True,78,60,85,135,91,36,485,,OP.GG Pokémon Champions,https://op.gg/pokemon-champions/pokedex/drampa,drampa,2026-07-18T17:06:37.536825+00:00,0.0.0-dev
,Drampa,Mega Drampa,True,78,85,110,160,116,36,585,,OP.GG Pokémon Champions,https://op.gg/pokemon-champions/pokedex/mega-drampa,mega-drampa,2026-07-18T17:06:37.536825+00:00,0.0.0-dev
784,Kommo-o,Kommo-o,True,75,110,125,100,105,85,600,,OP.GG Pokémon Champions,https://op.gg/pokemon-champions/pokedex/kommo-o,kommo-o,2026-07-18T17:06:37.536825+00:00,0.0.0-dev
823,Corviknight,Corviknight,True,98,87,105,53,85,67,495,,OP.GG Pokémon Champions,https://op.gg/pokemon-champions/pokedex/corviknight,corviknight,2026-07-18T17:06:37.536825+00:00,0.0.0-dev
841,Flapple,Flapple,True,70,110,80,95,60,70,485,,OP.GG Pokémon Champions,https://op.gg/pokemon-champions/pokedex/flapple,flapple,2026-07-18T17:06:37.536825+00:00,0.0.0-dev
842,Appletun,Appletun,True,110,85,80,100,80,30,485,,OP.GG Pokémon Champions,https://op.gg/pokemon-champions/pokedex/appletun,appletun,2026-07-18T17:06:37.536825+00:00,0.0.0-dev
844,Sandaconda,Sandaconda,True,72,107,125,65,70,71,510,,OP.GG Pokémon Champions,https://op.gg/pokemon-champions/pokedex/sandaconda,sandaconda,2026-07-18T17:06:37.536825+00:00,0.0.0-dev
855,Polteageist,Polteageist,True,60,65,65,134,114,70,508,,OP.GG Pokémon Champions,https://op.gg/pokemon-champions/pokedex/polteageist,polteageist,2026-07-18T17:06:37.536825+00:00,0.0.0-dev
858,Hatterene,Hatterene,True,57,90,95,136,103,29,510,,OP.GG Pokémon Champions,https://op.gg/pokemon-champions/pokedex/hatterene,hatterene,2026-07-18T17:06:37.536825+00:00,0.0.0-dev
861,Grimmsnarl,Grimmsnarl,True,95,120,65,95,75,60,510,,OP.GG Pokémon Champions,https://op.gg/pokemon-champions/pokedex/grimmsnarl,grimmsnarl,2026-07-18T17:06:37.536825+00:00,0.0.0-dev
866,Mr. Rime,Mr. Rime,True,80,85,75,110,100,70,520,,OP.GG Pokémon Champions,https://op.gg/pokemon-champions/pokedex/mr.-rime,mr.-rime,2026-07-18T17:06:37.536825+00:00,0.0.0-dev
867,Runerigus,Runerigus,True,58,95,145,50,105,30,483,,OP.GG Pokémon Champions,https://op.gg/pokemon-champions/pokedex/runerigus,runerigus,2026-07-18T17:06:37.536825+00:00,0.0.0-dev
869,Alcremie,Alcremie,True,65,60,75,110,121,64,495,,OP.GG Pokémon Champions,https://op.gg/pokemon-champions/pokedex/alcremie,alcremie,2026-07-18T17:06:37.536825+00:00,0.0.0-dev
870,Falinks,Falinks,True,65,100,100,70,60,75,470,,OP.GG Pokémon Champions,https://op.gg/pokemon-champions/pokedex/falinks,falinks,2026-07-18T17:06:37.536825+00:00,0.0.0-dev
,Falinks,Mega Falinks,True,65,135,135,70,65,100,570,,OP.GG Pokémon Champions,https://op.gg/pokemon-champions/pokedex/mega-falinks,mega-falinks,2026-07-18T17:06:37.536825+00:00,0.0.0-dev
877,Morpeko,Morpeko,True,58,95,58,70,58,97,436,,OP.GG Pokémon Champions,https://op.gg/pokemon-champions/pokedex/morpeko,morpeko,2026-07-18T17:06:37.536825+00:00,0.0.0-dev
887,Dragapult,Dragapult,True,88,120,75,100,75,142,600,,OP.GG Pokémon Champions,https://op.gg/pokemon-champions/pokedex/dragapult,dragapult,2026-07-18T17:06:37.536825+00:00,0.0.0-dev
899,Wyrdeer,Wyrdeer,True,103,105,72,105,75,65,525,,OP.GG Pokémon Champions,https://op.gg/pokemon-champions/pokedex/wyrdeer,wyrdeer,2026-07-18T17:06:37.536825+00:00,0.0.0-dev
900,Kleavor,Kleavor,True,70,135,95,45,70,85,500,,OP.GG Pokémon Champions,https://op.gg/pokemon-champions/pokedex/kleavor,kleavor,2026-07-18T17:06:37.536825+00:00,0.0.0-dev
902,Basculegion (Male),Basculegion (Male),True,120,112,65,80,75,78,530,,OP.GG Pokémon Champions,https://op.gg/pokemon-champions/pokedex/basculegion-male,basculegion-male,2026-07-18T17:06:37.536825+00:00,0.0.0-dev
,Basculegion (Female),Basculegion (Female),True,120,92,65,100,75,78,530,,OP.GG Pokémon Champions,https://op.gg/pokemon-champions/pokedex/basculegion-female,basculegion-female,2026-07-18T17:06:37.536825+00:00,0.0.0-dev
903,Sneasler,Sneasler,True,80,130,60,40,80,120,510,,OP.GG Pokémon Champions,https://op.gg/pokemon-champions/pokedex/sneasler,sneasler,2026-07-18T17:06:37.536825+00:00,0.0.0-dev
904,Overqwil,Overqwil,True,85,115,95,65,65,85,510,,OP.GG Pokémon Champions,https://op.gg/pokemon-champions/pokedex/overqwil,overqwil,2026-07-18T17:06:37.536825+00:00,0.0.0-dev
908,Meowscarada,Meowscarada,True,76,110,70,81,70,123,530,,OP.GG Pokémon Champions,https://op.gg/pokemon-champions/pokedex/meowscarada,meowscarada,2026-07-18T17:06:37.536825+00:00,0.0.0-dev
911,Skeledirge,Skeledirge,True,104,75,100,110,75,66,530,,OP.GG Pokémon Champions,https://op.gg/pokemon-champions/pokedex/skeledirge,skeledirge,2026-07-18T17:06:37.536825+00:00,0.0.0-dev
914,Quaquaval,Quaquaval,True,85,120,80,85,75,85,530,,OP.GG Pokémon Champions,https://op.gg/pokemon-champions/pokedex/quaquaval,quaquaval,2026-07-18T17:06:37.536825+00:00,0.0.0-dev
925,Maushold (Family of Four),Maushold (Family of Four),True,74,75,70,65,75,111,470,,OP.GG Pokémon Champions,https://op.gg/pokemon-champions/pokedex/maushold-family-of-four,maushold-family-of-four,2026-07-18T17:06:37.536825+00:00,0.0.0-dev
,Maushold (Family of Three),Maushold (Family of Three),True,74,75,70,65,75,111,470,,OP.GG Pokémon Champions,https://op.gg/pokemon-champions/pokedex/maushold-family-of-three,maushold-family-of-three,2026-07-18T17:06:37.536825+00:00,0.0.0-dev
934,Garganacl,Garganacl,True,100,100,130,45,90,35,500,,OP.GG Pokémon Champions,https://op.gg/pokemon-champions/pokedex/garganacl,garganacl,2026-07-18T17:06:37.536825+00:00,0.0.0-dev
936,Armarouge,Armarouge,True,85,60,100,125,80,75,525,,OP.GG Pokémon Champions,https://op.gg/pokemon-champions/pokedex/armarouge,armarouge,2026-07-18T17:06:37.536825+00:00,0.0.0-dev
937,Ceruledge,Ceruledge,True,75,125,80,60,100,85,525,,OP.GG Pokémon Champions,https://op.gg/pokemon-champions/pokedex/ceruledge,ceruledge,2026-07-18T17:06:37.536825+00:00,0.0.0-dev
939,Bellibolt,Bellibolt,True,109,64,91,103,83,45,495,,OP.GG Pokémon Champions,https://op.gg/pokemon-champions/pokedex/bellibolt,bellibolt,2026-07-18T17:06:37.536825+00:00,0.0.0-dev
952,Scovillain,Scovillain,True,65,108,65,108,65,75,486,,OP.GG Pokémon Champions,https://op.gg/pokemon-champions/pokedex/scovillain,scovillain,2026-07-18T17:06:37.536825+00:00,0.0.0-dev
,Scovillain,Mega Scovillain,True,65,138,85,138,85,75,586,,OP.GG Pokémon Champions,https://op.gg/pokemon-champions/pokedex/mega-scovillain,mega-scovillain,2026-07-18T17:06:37.536825+00:00,0.0.0-dev
956,Espathra,Espathra,True,95,60,60,101,60,105,481,,OP.GG Pokémon Champions,https://op.gg/pokemon-champions/pokedex/espathra,espathra,2026-07-18T17:06:37.536825+00:00,0.0.0-dev
959,Tinkaton,Tinkaton,True,85,75,77,70,105,94,506,,OP.GG Pokémon Champions,https://op.gg/pokemon-champions/pokedex/tinkaton,tinkaton,2026-07-18T17:06:37.536825+00:00,0.0.0-dev
964,Palafin,Palafin,True,100,70,72,53,62,100,457,,OP.GG Pokémon Champions,https://op.gg/pokemon-champions/pokedex/palafin,palafin,2026-07-18T17:06:37.536825+00:00,0.0.0-dev
,Palafin (Hero Form),Palafin (Hero Form),True,100,160,97,106,87,100,650,,OP.GG Pokémon Champions,https://op.gg/pokemon-champions/pokedex/palafin-hero,palafin-hero,2026-07-18T17:06:37.536825+00:00,0.0.0-dev
968,Orthworm,Orthworm,True,70,85,145,60,55,65,480,,OP.GG Pokémon Champions,https://op.gg/pokemon-champions/pokedex/orthworm,orthworm,2026-07-18T17:06:37.536825+00:00,0.0.0-dev
970,Glimmora,Glimmora,True,83,55,90,130,81,86,525,,OP.GG Pokémon Champions,https://op.gg/pokemon-champions/pokedex/glimmora,glimmora,2026-07-18T17:06:37.536825+00:00,0.0.0-dev
,Glimmora,Mega Glimmora,True,83,90,105,150,96,101,625,,OP.GG Pokémon Champions,https://op.gg/pokemon-champions/pokedex/mega-glimmora,mega-glimmora,2026-07-18T17:06:37.536825+00:00,0.0.0-dev
972,Houndstone,Houndstone,True,72,101,100,50,97,68,488,,OP.GG Pokémon Champions,https://op.gg/pokemon-champions/pokedex/houndstone,houndstone,2026-07-18T17:06:37.536825+00:00,0.0.0-dev
979,Annihilape,Annihilape,True,110,115,80,50,90,90,535,,OP.GG Pokémon Champions,https://op.gg/pokemon-champions/pokedex/annihilape,annihilape,2026-07-18T17:06:37.536825+00:00,0.0.0-dev
981,Farigiraf,Farigiraf,True,120,90,70,110,70,60,520,,OP.GG Pokémon Champions,https://op.gg/pokemon-champions/pokedex/farigiraf,farigiraf,2026-07-18T17:06:37.536825+00:00,0.0.0-dev
983,Kingambit,Kingambit,True,100,135,120,60,85,50,550,,OP.GG Pokémon Champions,https://op.gg/pokemon-champions/pokedex/kingambit,kingambit,2026-07-18T17:06:37.536825+00:00,0.0.0-dev
1000,Gholdengo,Gholdengo,True,87,60,95,133,91,84,550,,OP.GG Pokémon Champions,https://op.gg/pokemon-champions/pokedex/gholdengo,gholdengo,2026-07-18T17:06:37.536825+00:00,0.0.0-dev
1013,Sinistcha,Sinistcha,True,71,60,106,121,80,70,508,,OP.GG Pokémon Champions,https://op.gg/pokemon-champions/pokedex/sinistcha,sinistcha,2026-07-18T17:06:37.536825+00:00,0.0.0-dev
1018,Archaludon,Archaludon,True,90,105,130,125,65,85,600,,OP.GG Pokémon Champions,https://op.gg/pokemon-champions/pokedex/archaludon,archaludon,2026-07-18T17:06:37.536825+00:00,0.0.0-dev
1019,Hydrapple,Hydrapple,True,106,80,110,120,80,44,540,,OP.GG Pokémon Champions,https://op.gg/pokemon-champions/pokedex/hydrapple,hydrapple,2026-07-18T17:06:37.536825+00:00,0.0.0-dev
